Title,Price,Condition,Mileage,Year,Engine Capacity,Brand,Model
Volkswagen TIGUAN 4Motion 7Seater DCC Mode P/Boot,142900.0,Used,22499,2023.0,1998.0,Volkswagen,TIGUAN
2016 Toyota VELLFIRE 2.5 ZA Modellista Kit 2P/Door,120900.0,Used,72499,2016.0,2493.0,Toyota,VELLFIRE
2017 Perodua ALZA 1.5 ZV ADVANCED FACELIFT (A),39800.0,Used,104999,,1495.0,Perodua,ALZA
2022 Nissan NAVARA PRO-4X 2.5L (A) LOW MILEAGE CAR,97800.0,Used,22499,,2488.0,Nissan,NAVARA
2020 Mazda CX-5 2.5 TURBO GLS (A) ORI MILEAGE,107800.0,Used,97499,,2488.0,Mazda,CX-5
2016 Mercedes Benz C200 AVANTGARDE 2.0 (A) - PROMO,86800.0,Used,87499,2016.0,1991.0,Mercedes,Benz
M Benz C200 CGI BlueEFCY ELGNCE 1.8 W204 AMG SPORT,30800.0,Used,104999,2010.0,1796.0,Unknown,Unknown
X70 BULAN RAMADAN RAYA DISKAUN TETiNGI FAST STOCK,102800.0,New,2499,,1477.0,Unknown,Unknown
X70  RAYA OFFER NAK CASH REBAT TERTiNGGI SILA CALL,102800.0,New,2499,,1477.0,Unknown,Unknown
2023 Toyota LANDCRUISER PRADO 2.8 TX-L DIESEL,315000.0,Recon,2499,,2754.0,Toyota,LANDCRUISER
2015 Toyota CAMRY 2.5 HYBRID FACELIFT (A),56800.0,Used,104999,,2494.0,Toyota,CAMRY
NEGO Range Rover Vogue 5.0 Autobiography V8 LWB,670000.0,Recon,37499,,5000.0,Unknown,Unknown
2023 Toyota ALPHARD 2.5 Z HUD SR 5A,339700.0,Recon,2499,,2493.0,Toyota,ALPHARD
2020-Nissan NAVARA SE 2.5 (A)NP300 4WD,57990.0,Used,62499,,2488.0,Nissan,NAVARA
2018 Honda CR-V 2.0 2WD Kah Motor 90k km 1Yr Wrnty,76800.0,Used,92499,2018.0,1997.0,Honda,CR-V
2020 Toyota ALPHARD 2.5 SC roof monitor 3 led,201700.0,Recon,37499,,2493.0,Toyota,ALPHARD
2023 Toyota ALPHARD 2.5 Z  5k km 360 cam,339700.0,Recon,2499,,2493.0,Toyota,ALPHARD
2020 Toyota ALPHARD 2.5 SC ROOF DIM BSM,201700.0,Recon,32499,,2493.0,Toyota,ALPHARD
2018-Toyota VELLFIRE 2.5 ZG (A)Pilot Seat,179990.0,Used,82499,2018.0,2493.0,Toyota,VELLFIRE
2013 Bmw 528i 2.0 M-Sport F10 Facelift Twin Turbo,50900.0,Used,114999,2013.0,1997.0,BMW,528i
2018 Toyota ALPHARD 2.5 SC F/Convert LM350 Bodykit,161900.0,Used,82499,2018.0,2493.0,Toyota,ALPHARD
2019 Proton X70 1.8 PREMIUM 2WD SUNROOF WARRANTY,51800.0,Used,62499,2019.0,1799.0,Proton,X70
-2012- BMW 523i F10 2.5 M SPORT (A) SMOOTH ENGINE,34980.0,Used,104999,,1997.0,BMW,523i
2011 Honda CIVIC 1.8 S-L iVTEC SELING FAST LEATHER,27800.0,Used,144999,2011.0,1799.0,Honda,CIVIC
2013 Toyota ESTIMA 2.4 AERAS POWER SEAT POWER DOOR,75800.0,Used,82499,2013.0,2362.0,Toyota,ESTIMA
"2023 Lexus RX350 2.4 F SPORT 20 Units,TRD,5A,6A",385000.0,Recon,7499,,2393.0,Lexus,RX350
2020 Toyota HARRIER 2.0 Z/JBL/HUD/DIM/BSM/GRD4.5,172000.0,Recon,22499,,1986.0,Toyota,HARRIER
2015 Perodua MYVI 1.3X(Auto) DIRECT OWNER,22000.0,Used,154999,2015.0,1298.0,Perodua,MYVI
2023 Toyota ALPHARD 2.5 Z Hybrid (A),358000.0,Recon,7499,,2493.0,Toyota,ALPHARD
2023 Toyota ALPHARD Z 2.5 (A),352000.0,Recon,2499,,2493.0,Toyota,ALPHARD
2023 Toyota ALPHARD Z (A),363000.0,Recon,7499,,2493.0,Toyota,ALPHARD
2015 Honda CITY 1.5 V (A),33800.0,Used,92499,2015.0,1497.0,Honda,CITY
2014 Honda CITY 1.5 E (A),41875.0,Used,72499,,1497.0,Honda,CITY
2021 Toyota ALPHARD 2.5 SC (A),270000.0,Recon,22499,,2493.0,Toyota,ALPHARD
2021 Toyota ALPHARD 2.5 SC,295000.0,Recon,22499,,2493.0,Toyota,ALPHARD
2018 Proton EXORA 1.6 EXECUTIVE FACELIFT (A),27900.0,Used,184999,2018.0,1561.0,Proton,EXORA
2018 Audi RS6 4.0 AVANT TFSi Quattro Wagon RS 6,418000.0,Used,42499,,3993.0,Audi,RS6
2019 Mazda CX-5 2.2 D GLS 2WD (CKD) FACELIFT (A),66800.0,Used,82499,,2191.0,Mazda,CX-5
2020 Honda JAZZ S 1.5L (A),54800.0,Used,62499,,1497.0,Honda,JAZZ
2008 Toyota VIOS 1.5 G (A),22800.0,Used,124999,2008.0,1497.0,Toyota,VIOS
2007 Perodua MYVI 1.3 EZi (A),12900.0,Used,164999,2007.0,1298.0,Perodua,MYVI
2011 Perodua MYVI 1.3 SX FACELIFT (M),8800.0,Used,164999,2011.0,1298.0,Perodua,MYVI
2004 Proton GEN-2 1.6 (A),6500.0,Used,2499,,1597.0,Proton,GEN-2
kancil 850 auto 1998,3500.0,Used,67499,,847.0,Unknown,Unknown
2018 Mitsubishi TRITON 2.4 VGT A/T (A),59888.0,Used,184999,2018.0,2442.0,Mitsubishi,TRITON
2020 Mercedes Benz A250 2.0 AMG (A) HIGH SPECS,175000.0,Recon,37499,,1991.0,Mercedes,Benz
2015 Perodua AXIA 1.0 G (A),16500.0,Used,174999,2015.0,998.0,Perodua,AXIA
13K KM PEARL CAPSULE 360CAM Lamborghini URUS 4.0,1670000.0,Recon,12499,,3996.0,Unknown,Unknown
2024 Chery TIGGO 2.0 8 PRO PREMIUM MY23 (A)ALL-IN,118800.0,Used,27499,2024.0,1998.0,Chery,TIGGO
"GRADE 5A, 8K KM 2021 Mercedes Benz G63 4.0 AMG",918000.0,Recon,7499,,3982.0,Mercedes,Benz
2021 Mercedes Benz CLA180 1.3 Turbo Coupe(A),192000.0,Recon,27499,,1332.0,Mercedes,Benz
Mugen FullService Honda JAZZ 2021 Hatchback 1.5(A),58800.0,Used,72499,,1497.0,Honda,JAZZ
GM6 TypeR Keyless HiLoan 2016 Honda CITY 1.5 E (A),33800.0,Used,72499,,1497.0,Honda,CITY
SunRoof Leather Camera 2014 Hyundai ELANTRA 1.8(A),19800.0,Used,92499,,1797.0,Hyundai,ELANTRA
Camera360 Sunroof Leather BodyKit 2015 Mazda 3 2.0,37800.0,Used,62499,,1998.0,Mazda,3
Mercedes Benz E200 SPORTSTYLE 2.0 (A) SerRec Wrrty,163777.0,Used,47499,2020.0,1991.0,Mercedes,Benz
'15/21 Mini COOPER 2.0 S JCW Bkit Remus BBS Rims,83777.0,Used,62499,2015.0,1998.0,Mini,COOPER
YM12/17 Toyota VELLFIRE 2.4 Z FLift 2PDoor 7Seater,77777.0,Used,72499,2012.0,2362.0,Toyota,VELLFIRE
2014 Toyota HARRIER 2.0 PREMIUM 1 Owner Car King,75777.0,Used,97499,2014.0,1986.0,Toyota,HARRIER
NEGO 2019 RangeRover VOGUE 5.0 V8 LWB AUTOBIOGRAPH,630000.0,Recon,47499,,5000.0,Unknown,Unknown
2017 Honda JAZZ 1.5 V (A) FULL SERVICE RECORD,48800.0,Used,47499,2017.0,1497.0,Honda,JAZZ
Proton IRIZ 1.6 PREMIUM (A) FULL SERVICE RECORD,24800.0,Used,144999,2019.0,1597.0,Proton,IRIZ
2018 Volkswagen PASSAT 1.8 TSI (A) MEMORY SEATS,54800.0,Used,134999,2018.0,1798.0,Volkswagen,PASSAT
2023 Toyota ALPHARD 2.5 Z (A) UNREG,337000.0,Recon,7499,,2493.0,Toyota,ALPHARD
2020 Proton X70 TGDI PREMIUM 2WD 1.8L (A)45KMILEAG,57800.0,Used,47499,2020.0,1799.0,Proton,X70
2022 Proton PERSONA STANDARD 1.6L (A)ORI PAINT,33800.0,Used,42499,2022.0,1597.0,Proton,PERSONA
2015 Perodua MYVI 1.5 SE FACELIFT (A)ORILOWMILEAGE,28800.0,Used,97499,2015.0,1495.0,Perodua,MYVI
2019 Mazda CX-5 2.0 G 2WD HIGH SPEC FACELIFT (A),84800.0,Used,92499,2019.0,1998.0,Mazda,CX-5
2018 Ford RANGER 2.0 XLT (A)ORIGINAL LOW MILEAGE,65800.0,Used,72499,2018.0,1998.0,Ford,RANGER
2018 Toyota HILUX 2.8 L-EDITION FACELIFT (A),87800.0,Used,82499,2018.0,2755.0,Toyota,HILUX
2023 Proton PERSONA PREMIUM 1.6L (A),45800.0,Used,52499,2023.0,1597.0,Proton,PERSONA
2016 Mazda CX-5 2.2 D GLS 2WD NFL Leather Ser Recs,40777.0,Used,92499,2016.0,2191.0,Mazda,CX-5
2014 Perodua MYVI 1.3 SE ZHS (A),24800.0,Used,87499,2014.0,1298.0,Perodua,MYVI
"2023 Honda CIVIC 2.0 TYPE R FL5 (M) 18K KM,5A",279000.0,Recon,17499,,1996.0,Honda,CIVIC
2021 Mercedes Benz A35 2.0 AMG 4MATIC FULL SPECS,235000.0,Recon,57499,,1991.0,Mercedes,Benz
2014 Toyota VIOS 1.5 TRD SPORTIVO (A) 1 OWNER,40800.0,Used,134999,2014.0,1497.0,Toyota,VIOS
2014 Perodua ALZA 1.5 SE ZS FACELIFT (A) 1 OWNER,29800.0,Used,104999,2014.0,1495.0,Perodua,ALZA
"2012 Proton SAGA 1.3 FL (A) 1 Owner, Mileage tulen",9800.0,Used,104999,2012.0,1332.0,Proton,SAGA
2015 Mazda 3 2.0 SDN HIGH SKYACTIV Leather SerRec,43777.0,Used,77499,2015.0,1998.0,Mazda,3
2016 Perodua MYVI 1.5 ADVANCE FACELIFT (A) ORI KM,29800.0,Used,124999,2016.0,1495.0,Perodua,MYVI
FULL LOAN 2022 Proton X50 TGDI FLAGSHIP 1.5L (A),79999.0,Used,37499,,1477.0,Proton,X50
FULL LOAN Toyota VELLFIRE 2.4 FACELIFT,78999.0,Used,104999,,2362.0,Toyota,VELLFIRE
Keyless 2011 LATIO 1.6 SPORT IMPUL (A) Hatchback,13800.0,Used,92499,,1598.0,Unknown,Unknown
2020 FULL LOAN Honda CIVIC 1.5 TC-P (A),107999.0,Used,62499,,1498.0,Honda,CIVIC
2019 Mercedes Benz A35 2.0 AMG (A) HIGH SPECS,203000.0,Recon,32499,,1991.0,Mercedes,Benz
F30 5YearsWarranty Nappa 2017 Bmw 318i 1.5 LCi,55800.0,Used,82499,,1499.0,BMW,318i
2016 FULL LOAN Honda CIVIC 1.8,68999.0,Used,104999,,1799.0,Honda,CIVIC
2025 Perodua ALZA 1.5 AV MY22 (A),78999.0,Used,2499,,1496.0,Perodua,ALZA
2020 Mercedes Benz GLC300 2.0 4MATIC AMG LINE (A),245000.0,Used,57499,,1991.0,Mercedes,Benz
2021 Porsche MACAN 2.0L 4WD PDLS 4 LED 360 Camera,318000.0,Recon,57499,,1984.0,Porsche,MACAN
2024 Proton X70 1.5 PREMIUM 2WD  MC2 (A),90000.0,New,2499,,1477.0,Proton,X70
2024 Proton SAGA 1.3 STANDARD AT MY19 FACELIFT (A),33000.0,New,2499,,1332.0,Proton,SAGA
Volkswagen Passat 1.8 (A) ENHANCED SPORT*WARRANTY,21800.0,Used,87499,2013.0,1798.0,Volkswagen,Passat
2025 Proton S70 1.5 FLAGSHIP X MY25 (A),71800.0,New,2499,,1477.0,Proton,S70
Volkswagen POLO SEDAN 1.6 LIMITED EDITION*WARRANTY,17800.0,Used,77499,2015.0,1598.0,Volkswagen,POLO
2025 Proton X50 1.5 TGDI FLAGSHIP MY20 (A),80000.0,New,2499,,1477.0,Proton,X50
2020 Perodua AXIA 1.0 SE (A)FULL LOAN,30800.0,Used,82499,2020.0,998.0,Perodua,AXIA
2014 Perodua MYVI 1.3 EZ (A)FULL LOAN,19800.0,Used,104999,2014.0,1298.0,Perodua,MYVI
2017 Toyota VIOS 1.5 E (A)FULL LOAN,45800.0,Used,92499,2017.0,1496.0,Toyota,VIOS
2019 Perodua MYVI 1.5 (A)FULL LOAN,38800.0,Used,72499,2019.0,1496.0,Perodua,MYVI
NEGO 2020 Range Rover VOGUE 5.0 AUTOBIOGRAPHY LWB,650000.0,Recon,47499,,4999.0,Unknown,Unknown
2021 Audi Q5 TFSI QUATTRO 2.0L FSR UNDER WARRANTY,248800.0,Used,52499,,1984.0,Audi,Q5
Mazda 3 2.0 SEDAN HIGH SKYACTIV FACELIFT FULL SRVR,65800.0,Used,92499,2017.0,1998.0,Mazda,3
2020 Lexus RX300 Version L 4Cam HUD BSM RX 300 NFL,232000.0,Recon,42499,,1998.0,Lexus,RX300
2021 Mercedes Benz C200 1.5 AMG Wagon  (A),188000.0,Recon,37499,,1497.0,Mercedes,Benz
NEW 2025 Proton SAGA 1.3 STANDARD PER REG  DISC 4K,34800.0,New,2499,,1332.0,Proton,SAGA
RECOND Toyota VELLFIRE 3.5 VL (A) FulLOANüî•FulSPEC,200000.0,Recon,42499,,3456.0,Toyota,VELLFIRE
Honda CR-V 2.4 4WD FACELIFT (A)*WARRANTY*TIPTOP,38800.0,Used,77499,,2354.0,Honda,CR-V
Honda CR-V 2.4 4WD FACELIFT (A)*WARRANTY*TIPTOP,49800.0,Used,87499,2015.0,2354.0,Honda,CR-V
2020 Honda CIVIC 1.5 TC-P (A),108800.0,Used,82499,,1498.0,Honda,CIVIC
Honda CIVIC 2.0 NAVI FACELIFT (A)*TIPTOP *WARRANTY,44800.0,Used,82499,,1997.0,Honda,CIVIC
2016-Peugeot 408 1.6 GRIFFE THP (A)LOAN/CASH,11770.0,Used,97499,,1598.0,Peugeot,408
Honda ACCORD 2.4 I-VTEC (A) *TIPTOP *WARRANTY,40800.0,Used,87499,,2356.0,Honda,ACCORD
2017 Mercedes Benz C200 2.0 AMG LINE (CKD) (A),115800.0,Used,87499,,1991.0,Mercedes,Benz
2016-Peugeot 408 2.0 (A)LOAN/CASH,9770.0,Used,97499,,1997.0,Peugeot,408
Chevrolet CRUZE 1.8 SPORT EDITION mileage 42xxx,16770.0,Used,42499,,1796.0,Chevrolet,CRUZE
2022 Lexus NX 250 2.5 360 Camera HUD PCS Unreg,259000.0,Recon,32499,,2487.0,Lexus,NX
2008 Honda CIVIC 2.0 i-VTEC (A) üèÜüèÜPADDLE SHIFT+-,28800.0,Used,104999,,1998.0,Honda,CIVIC
Proton PERSONA EXECUTIVE 1.6L (A) HIGH SPEC*L/SEAT,29800.0,Used,37499,,1597.0,Proton,PERSONA
Honda JAZZ FIT RS 1.5 V (A) i-VTEC *3 YEARS WRNTY,47800.0,Used,67499,,1497.0,Honda,JAZZ
Mazda CX-5 2.5 2WD (A) SUNROOF *BOSE SOUND *WRNTY,39800.0,Used,87499,,2488.0,Mazda,CX-5
Honda ACCORD 2.0 VTi-L FACELIFT (A) *3 YRS WRNTY,64800.0,Used,67499,,1997.0,Honda,ACCORD
X70 DISINI CASH REBATE TERTiNGGI PM SAYA LIMITED STOCK,99800.0,New,2499,,1477.0,Unknown,Unknown
Ford RANGER 2.2 XLT FACELIFT T8 4x4 6Sp CBU H/SPEC,81800.0,Used,42499,2022.0,2198.0,Ford,RANGER
LANDCRUISER 4.6 ZX URJ202W FL J300 MODELLISTA Rg15,158800.0,Used,77499,2012.0,4608.0,Unknown,Unknown
Honda ACCORD 1.5 TC CV1 LaneWatch FSR60kKM LikeNEW,105800.0,Used,57499,2020.0,1498.0,Honda,ACCORD
M B A180 AMG 1.6 W176 F/L A45 B/Kit CBU JAPAN Rg21,95500.0,Used,87499,2017.0,1595.0,Unknown,Unknown
Volkswagen BEETLE 1.2 TSI (A) FULLSERVICE HEADLAMP,34800.0,Used,114999,2012.0,1197.0,Volkswagen,BEETLE
Bmw 218i M SPORT 1.5L FACELIFT (A) WARRANTY 2027,132800.0,Used,52499,2022.0,1499.0,BMW,218i
2012 Toyota VELLFIRE 2.4 2pw Dor 8Seat 360 1yWrnty,67800.0,Used,124999,2012.0,2362.0,Toyota,VELLFIRE
2023 Toyota ALPHARD 2.5 Z DIM BSM,309700.0,Recon,12499,,2493.0,Toyota,ALPHARD
2020 Toyota ALPHARD 2.5 SC DIM BSM SR,201700.0,Recon,42499,,2493.0,Toyota,ALPHARD
2023 Toyota ALPHARD 2.5 Z 6A 1K MILEAGE,313700.0,Recon,2499,,2493.0,Toyota,ALPHARD
2020 Toyota ALPHARD 2.5 X 2PD pre crash,172700.0,Recon,37499,,2493.0,Toyota,ALPHARD
2023 Mercedes Benz E200 2.0 AVNTGRDE C&C Wrnty2027,215800.0,Used,67499,2023.0,1991.0,Mercedes,Benz
2017 Mercedes Benz E200 Ori AMG JPN IMPOT 2Y Wrnty,134800.0,Used,12499,2017.0,1991.0,Mercedes,Benz
"Proton IRIZ 1.6 PREMIUM (A) FULL LOAN , CAR KING",24800.0,Used,72499,,1597.0,Proton,IRIZ
2015 Volkswagen GOLF R 2.0 MK7 Local Stage3 432Whp,125900.0,Used,47499,2015.0,1984.0,Volkswagen,GOLF
OFFER Perodua ALZA SE Advance OriPaint BodyKit DVD,30900.0,Used,67499,2017.0,1495.0,Perodua,ALZA
2017 Mercedes Benz E200 AMG W213 F/ServRec LowMile,109900.0,Used,42499,2017.0,1991.0,Mercedes,Benz
2019 BMW 530e G30 M-SPORT iPerformance F/S/Rec 59K,106900.0,Used,52499,2019.0,1998.0,BMW,530e
Fully Loaded Honda CIVIC B20B K20A K24 Type R VTEC,62900.0,Used,184999,1995.0,1590.0,Honda,CIVIC
"2015 Nissan TEANA 2.5 XV (A) FULL LOAN , CAR KING",29800.0,Used,97499,,2488.0,Nissan,TEANA
2012 LOAN KEDAI Mercedes Benz C200 (A) W204 CGI,26980.0,Used,114999,,1796.0,Mercedes,Benz
2015 Perodua MYVI 1.3 PREMIUM X AV WARRANTY TIPTOP,23800.0,Used,92499,2015.0,1298.0,Perodua,MYVI
TRUE 2014 Toyota VIOS 1.5 (A) 1 OWNER SELLING FAST,27800.0,Used,104999,2014.0,1497.0,Toyota,VIOS
2018 Perodua AXIA 1.0 ADVANCE LEATHER SEAT AV SPEC,25800.0,Used,62499,2018.0,998.0,Perodua,AXIA
2020 Perodua ALZA 1.5 AV FULL SERVICE LOW MILEAGE,51800.0,Used,42499,2020.0,1495.0,Perodua,ALZA
2015 Honda CR-V 2.0 ANDROID PLAYER LEATHER SEAT,43800.0,Used,92499,,1997.0,Honda,CR-V
Volkswagen GOLF 1.4 TSI MK7 GTI BODYKIT BLACK RIMS,37800.0,Used,92499,2013.0,1395.0,Volkswagen,GOLF
"2020 Lexus RX300 F SPORT 2.0 21K KM,RED SEAT,PROOF",260000.0,Recon,22499,,1998.0,Lexus,RX300
2023 Lexus RX350 2.4 F SPORT TRD/SUPER HIGH SPEC,395000.0,Recon,17499,,2393.0,Lexus,RX350
"2023 Toyota ALPHARD 2.5 Z 5A,30 UNIT,HUD,MODELISTA",348000.0,Recon,7499,,2493.0,Toyota,ALPHARD
2021 Toyota ALPHARD 2.5 SC SUNROOF DIM BSM UNREG,226000.0,Recon,27499,,2493.0,Toyota,ALPHARD
2018/2022 Toyota ALPHARD 2.5 SC (A),201800.0,Used,72499,2018.0,2493.0,Toyota,ALPHARD
2011 Perodua MYVI 1.3 EZi FACELIFT (A),15200.0,Used,97499,2011.0,1298.0,Perodua,MYVI
2018 Perodua MYVI 1.5 ADVANCE (A),40800.0,Used,62499,2018.0,1496.0,Perodua,MYVI
2020 Toyota ALPHARD 2.5 S TYPE GOLD (A),242000.0,Recon,32499,,2493.0,Toyota,ALPHARD
S70 DISINI DISKAUN PALING TiNGGI LAST 4 UNIT SAJA,86000.0,New,2499,,1477.0,Unknown,Unknown
S70 HARGA TERENDAH DISiNI CALL SAYA REBATE TETINGI,70800.0,New,2499,,1477.0,Unknown,Unknown
S70 DISKAUN TETiNGGI CALL DAPAT HARGA PALING MURAH,82800.0,New,2499,,1477.0,Unknown,Unknown
2025 Perodua AXIA SE MY23 D74A (A),44000.0,New,2499,,998.0,Perodua,AXIA
2007 Toyota VIOS 1.5 G FACELIFT (A),14900.0,Used,194999,,1497.0,Toyota,VIOS
2011 Proton SAGA 1.3 FL (A),9800.0,Used,134999,2011.0,1332.0,Proton,SAGA
2011 Proton PERSONA 1.6 ELEGANCE BASE LINE (A),10900.0,Used,134999,2011.0,1597.0,Proton,PERSONA
2022 Bmw 420i 2.0 COUPE M SPORT GRADE 5A UNREG,233000.0,Recon,27499,,1998.0,BMW,420i
2014 Proton PREVE 1.6 EXECUTIVE (A),18800.0,Used,144999,2014.0,1597.0,Proton,PREVE
2018 Bmw X5 2.0 xDRIVE40e M SPORT BMW Wnty 2026,95800.0,Used,92499,2018.0,1997.0,BMW,X5
"2019 Nissan X-TRAIL 2.0 MID (A) 7 Seater, 360 CAM",67800.0,Used,82499,2019.0,1997.0,Nissan,X-TRAIL
NEGO 2022 Porsche 911 CARRERA 4S SPORT DESIGN PACK,1030000.0,Recon,7499,,2981.0,Porsche,911
2022 Volvo V60 2.0 RECHARGE T8 Inscription,200888.0,Used,37499,2022.0,1969.0,Volvo,V60
NEGO 2022 Range Rover P530 4.4 VOUGE LWB AUTOBIOGR,1310000.0,Recon,7499,,4395.0,Unknown,Unknown
2023 BMW IX xDRIVE40 SPORT I20 (BMW Dealer),298000.0,Used,2499,,,BMW,IX
2024 BMW I5 eDRIVE40 M SPORT G60 22kW (BMW Dealer),315000.0,Used,7499,,,BMW,I5
2018 Perodua MYVI 1.5 H (A)NICE RIM  GOODCONDITION,38800.0,Used,92499,2018.0,1496.0,Perodua,MYVI
2011 Toyota VELLFIRE 2.4 Z (A) FULL BODYKIT,65800.0,Used,154999,2011.0,2362.0,Toyota,VELLFIRE
2022 Honda CR-V 1.5 TC-P 2WD (A) UNDER WARRANTY,118800.0,Used,32499,2022.0,1498.0,Honda,CR-V
2013 Toyota VIOS 1.5 E ENHANCED (A) 1 OWNER,27800.0,Used,174999,2013.0,1497.0,Toyota,VIOS
2024 Toyota HILUX 2.8 GR SPORT (A)WARRANTY TOYOTA,145800.0,Used,17499,,2755.0,Toyota,HILUX
2021 Bmw 530i 2.0 M-SPORT (A) UNDER BMW WARRANTY,198800.0,Used,62499,2021.0,1998.0,BMW,530i
2016 Honda HR-V 1.8 V (A) FULL SPEC LEATHER SEAT,46800.0,Used,97499,2016.0,1799.0,Honda,HR-V
NEGO READY STOCK 2022 Bmw M135i XDRIVE 2.0 TURBO,245000.0,Recon,12499,,1998.0,BMW,M135i
2023 Honda N BOX 660 CUSTOM L TURBO (A),119000.0,Recon,12499,,658.0,Honda,N
"2024 Honda CIVIC 2.0 TYPE R FL5 (M) 386KM ONLY,6A",299000.0,Recon,2499,,1996.0,Honda,CIVIC
2010 Mercedes Benz E250 AMG P.Roof JAPAN 1Yr Wrnty,35800.0,Used,144999,2010.0,1796.0,Mercedes,Benz
2021 Toyota HARRIER 2.0 Z (A) JBL UNREG,178000.0,Recon,12499,,1986.0,Toyota,HARRIER
"2022 Lexus NX 250, 3 LED Head Lamp, HUD, 360 Cam",259000.0,Recon,32499,,2487.0,Lexus,NX
2017 Peugeot 208 1.6 GTi (M) -FACELIFT-2DOOR RARE,51800.0,Used,124999,2017.0,1598.0,Peugeot,208
2014 Bmw 316i (CKD) 1.6 (A),34800.0,Used,124999,2014.0,1598.0,BMW,316i
2016 Proton IRIZ 1.6 PREMIUM (A) SVC RECORD PROTON,18800.0,Used,124999,2016.0,1597.0,Proton,IRIZ
2022 Toyota VIOS 1.5 E (A) FACELIFT-UNDER WARRANTY,63800.0,Used,42499,2022.0,1496.0,Toyota,VIOS
S70 2025 All in Offer / Ready Stock / Gift,87000.0,New,2499,,1477.0,Unknown,Unknown
2021 Porsche MACAN FACELIFT 2.0L (A),314000.0,Recon,27499,,1984.0,Porsche,MACAN
2025 Proton X70 Duit Raya 7k + OT 1k OFFER,116800.0,New,2499,,1477.0,Proton,X70
CRAYON 2020 Porsche 911 3.0 CARRERA 4S HUGE SPEC,818000.0,Recon,17499,,2981.0,Porsche,911
"2023 Toyota ALPHARD 2.5 Z, SunRoof, 9,730Km",315000.0,Recon,7499,,2493.0,Toyota,ALPHARD
FULL LOAN 2021 Proton X70 PREMIUM 2WD 1.8L (A),69999.0,Used,52499,,1799.0,Proton,X70
FULL LOAN 2017 Perodua MYVI 1.3 X FACELIFT (A),32999.0,Used,72499,,1298.0,Perodua,MYVI
2016 FULL LOAN Mercedes Benz E250 AVANTGARDE 2.0,99999.0,Used,114999,,1991.0,Mercedes,Benz
2023 Perodua ALZA 1.5 AV (A),69999.0,Used,52499,,1495.0,Perodua,ALZA
2021 Volkswagen TIGUAN ALLSPACE HIGHLINE 1.4L (A),106999.0,Used,42499,,1395.0,Volkswagen,TIGUAN
2023 T.ALPHARD 2.5 MODESLISTA/SUNROOF/GRED 6Aa,343000.0,Recon,7499,,2493.0,Unknown,Unknown
2022 Toyota VELLFIRE 2.5 ZA GOLDEN EYE (A),203000.0,Recon,12499,,2494.0,Toyota,VELLFIRE
2021 T.ALPHARD 2.5 S TYPE GOLD/SUNROOFs,205000.0,Recon,17499,,2493.0,Unknown,Unknown
2018 Audi RS6 4.0 AVANT PERFORMANCE TFSI QUATTRO,418000.0,Used,42499,,3993.0,Audi,RS6
2023 Toyota VELLFIRE 2.4 Z PREMIER (A),408000.0,Recon,12499,,2393.0,Toyota,VELLFIRE
2023 Volkswagen TIGUAN 1.4 ALLSPACE ELEGANCE MY20,123800.0,Used,12499,2023.0,1395.0,Volkswagen,TIGUAN
2023 Lamborghini URUS S 4.0 (A) UNREG 2023,1990000.0,Recon,12499,,3996.0,Unknown,Unknown
2002 Toyota PRADO 3.0 (A),25000.0,Used,474999,,2982.0,Toyota,PRADO
NEGO 2020 Porsche CARRERA S 992 DISSIDENT KIT PDCC,760000.0,Recon,27499,,2981.0,Porsche,CARRERA
Y 2022 Mini COOPER S 2.0 3DOOR- 7 SP Ori Mileage,178000.0,Recon,12499,,1998.0,Mini,COOPER
NEGO 2020 Porsche CAYMAN T 718 2.0 PASM PDLS PLUS,420000.0,Recon,42499,,1988.0,Porsche,CAYMAN
2019 Lexus NX 300 2.0 F SPORT Red Interior 360 Cam,188000.0,Recon,27499,,1998.0,Lexus,NX
2021 Porsche PANAMERA 4 High Spec 4.5A Ori Mileage,568000.0,Recon,17499,,2894.0,Porsche,PANAMERA
2017 Honda CIVIC 1.8 i-VTEC (A),69800.0,Used,92499,2017.0,1799.0,Honda,CIVIC
NEGO 2020 PORSCHE CAYMAN 718 2.0 Sport Design,380000.0,Recon,52499,,1988.0,Porsche,CAYMAN
NEGO 2019 Porsche 718 CAYMAN PDLS+/PASM/S EXHAUST,400000.0,Recon,47499,,1988.0,Porsche,718
2021 Nissan GT-R 3.8 BLACK EDITION low Mileage,685001.0,Recon,7499,,3799.0,Nissan,GT-R
2019 Mitsubishi TRITON 2.4 VGT ADVENTURE X (A) 4X4,84999.0,Used,92499,,2442.0,Mitsubishi,TRITON
2021 Toyota HARRIER 2.0 Z JBL HUD DIM BSM Ori Mile,176000.0,Recon,22499,,1986.0,Toyota,HARRIER
2019 Renault CAPTUR 1.2 TCe (A),40000.0,Used,42499,,1197.0,Renault,CAPTUR
2019 Renault CAPTUR 1.2 TCe (A),40000.0,Used,37499,,1197.0,Renault,CAPTUR
2019 Renault CAPTUR 1.2 TCe (A),40000.0,Used,67499,,1197.0,Renault,CAPTUR
2019 Mazda CX-5 2.0 G 2WD HIGH SPEC FACELIFT (A),95800.0,Used,77499,,1998.0,Mazda,CX-5
2022 Proton X70 PREMIUM 2WD 1.8L (A),72800.0,Used,32499,,1799.0,Proton,X70
2016 Proton EXORA 1.6 SUPER PREMIUM FACELIFT (A),20800.0,Used,114999,,1561.0,Proton,EXORA
2012 Toyota ALPHARD 2.4 X ‚ù§Ô∏è 5 YEAR WARRANTY,67800.0,Used,97499,2012.0,2362.0,Toyota,ALPHARD
2023 Perodua ALZA 1.5 AV üåô BEST PRICE HARI RAYA,68800.0,Used,27499,2023.0,1496.0,Perodua,ALZA
2015 Honda JAZZ 1.5 E (A),40800.0,Used,114999,,1497.0,Honda,JAZZ
2014 Mazda CX-5 2.0 2WD HIGH SPEC (A) 3 Y Warranty,37800.0,Used,82499,,1998.0,Mazda,CX-5
2023 Lamborghini URUS 4.0 Full ADAS 6K KM Unreg,2080000.0,Recon,7499,,3996.0,Unknown,Unknown
2020 Mini COOPER JCW CLUBMAN 2.0 HUD 306HP JP SPEC,199000.0,Recon,22499,,1998.0,Mini,COOPER
2023 Toyota HARRIER 2.0G PRECRASH DIM BSM GRADE 5A,185000.0,Recon,12499,,1986.0,Toyota,HARRIER
2025 CIVIC 1.5 E  highest rebate ready stock,125900.0,New,2499,,1498.0,Unknown,Unknown
2023 Toyota VELLFIRE 2.4 Z PREMIER BROWN INTERIOR,425000.0,Recon,2499,,2393.0,Toyota,VELLFIRE
2021 Mercedes Benz A35 2.0 AMG 4 MATIC FULLY LOADE,238000.0,Recon,32499,,1991.0,Mercedes,Benz
2021 Mercedes Benz CLA250 AMG 4MATIC FULLY LOADED,256000.0,Recon,27499,,1991.0,Mercedes,Benz
2020 Mercedes Benz A35 AMG 4MATIC PREMIUM PLUS,249000.0,Recon,22499,,1991.0,Mercedes,Benz
2010 Toyota VELLFIRE 3.5 VL ‚≠êÔ∏è‚≠êÔ∏èBANYAK PILIHAN‚≠êÔ∏è‚≠ê,62800.0,Used,97499,,3456.0,Toyota,VELLFIRE
2020 Mini COOPER S 2.0L (A) Hatchback 5 DOOR UNREG,145000.0,Recon,47499,,1998.0,Mini,COOPER
2021 Toyota ALPHARD 2.5 SC sunroof,211700.0,Recon,42499,,2493.0,Toyota,ALPHARD
2021 Toyota ALPHARD 2.5 2 PB,175700.0,Recon,37499,,2493.0,Toyota,ALPHARD
2020 Toyota ALPHARD 2.5 SC Sunroof,201700.0,Recon,37499,,2493.0,Toyota,ALPHARD
2022 Toyota ALPHARD S 2.5   SR DIM BSM,193700.0,Recon,27499,,2493.0,Toyota,ALPHARD
2020 Toyota ALPHARD 2.5 MODELISTA kit,169700.0,Recon,37499,,2493.0,Toyota,ALPHARD
2021 Perodua MYVI 1.5 AV / 51K MILEAGE/FULLSERVICE,41800.0,Used,52499,2021.0,1496.0,Perodua,MYVI
2012 Mercedes Benz E250 CGI 1.8 (A) FREE WARRANTY,58800.0,Used,87499,2012.0,1796.0,Mercedes,Benz
"2024 Toyota HARRIER 2.0 G, Grade 5A, 6K Mileage",215000.0,Recon,7499,,1987.0,Toyota,HARRIER
NEGO 2020 Land Rover DEFENDER P400 X DYNAMIC 110,520000.0,Recon,42499,,2996.0,Land Rover,DEFENDER
2014 Perodua MYVI 1.3 SE ZHS (A) FULL LOAN,18800.0,Used,92499,2014.0,1298.0,Perodua,MYVI
2018 Toyota HILUX 2.8 LE FACELIFT (A) 92K MILEAGE,87800.0,Used,97499,2018.0,2755.0,Toyota,HILUX
2015 Ford RANGER 2.2 XLT (HI RIDER) (A) LOAN KEDAI,29980.0,Used,92499,,2198.0,Ford,RANGER
NEGO 2020 Porsche CARRERA 911 4S PDCC/RADAR PACK,820000.0,Recon,27499,,2981.0,Porsche,CARRERA
2020 Honda CIVIC 1.8 S (A)CONVERT BODYKIT,72800.0,Used,92499,2020.0,1799.0,Honda,CIVIC
"Honda CITY 1.5 E FACELIFT(A) FULL LOAN, 30k KM+ V",42800.0,Used,32499,,1497.0,Honda,CITY
2005 Toyota VIOS 1.5 E (A) SMOOTH ENGINE G,12800.0,Used,154999,,1497.0,Toyota,VIOS
"Mazda 3 2.0 SPORT HATCHBACK (A) HB , FULL LOAN",21800.0,Used,87499,,1999.0,Mazda,3
Bmw 330E 2.0 B48 Full ServRec F/Bodykit 4NewTyres,68900.0,Used,67499,2019.0,1998.0,BMW,330E
NEGO 2020 Range Rover VELAR P250 2.0 S R-DYNAMIC,310000.0,Recon,47499,,1998.0,Unknown,Unknown
"2022 Toyota HARRIER Z LEATHER, Gred 5A, 5k Mileage",200000.0,Recon,7499,,1986.0,Toyota,HARRIER
2023 Suzuki JIMNY 1.5 Sierra JC 5K KM GRADE 5A,149000.0,Recon,7499,,1462.0,Suzuki,JIMNY
2021 Bmw 840i M SPORT 3.0 (6 UNIT) READY STOCK,358000.0,Recon,12499,,2998.0,BMW,840i
2021 Mclaren GT 4.0 V8 (No Extra Charges) Unreg,998000.0,Recon,12499,,3994.0,Unknown,Unknown
NEGO 2021 Nissan GT-R 35 BLACK EDITION RECARO,718000.0,Recon,7499,,3799.0,Nissan,GT-R
"2024 Toyota HARRIER 2.0 G, Harrier G, 9K Mileage",199000.0,Recon,7499,,1987.0,Toyota,HARRIER
2017 Honda HR-V 1.8 E V FULL SERVICE LOW MILEAGE,46800.0,Used,82499,2017.0,1799.0,Honda,HR-V
2020 Perodua MYVI 1.5 ADVANCE BODYKIT ANDROID RIMS,43800.0,Used,62499,2020.0,1496.0,Perodua,MYVI
2017 Proton SAGA 1.3 EXECUTIVE CVT OFFER WARRANTY,14800.0,Used,72499,2017.0,1332.0,Proton,SAGA
2021 Toyota ALPHARD 2.5 SC (A)Promo Japan Rim 20,222000.0,Recon,27499,,2493.0,Toyota,ALPHARD
2018 Honda CIVIC 1.8 S i-VTEC WARRANTY TYPE-R KIT,67800.0,Used,92499,2018.0,1799.0,Honda,CIVIC
2014 Toyota INNOVA 2.0 G 1 OWNER CONDITION TIPTOP,38800.0,Used,92499,2014.0,1998.0,Toyota,INNOVA
2018 Honda JAZZ 1.5 E V SPORT RIMS REVISE CAMERA,54800.0,Used,82499,2018.0,1497.0,Honda,JAZZ
2020 MercBenz E200 AMG FACELIFTS FULLY LOADED UNRG,232000.0,Recon,42499,,1496.0,Unknown,Unknown
2024 Toyota VELLFIRE 2.4 Z PREMIER (A) LIKE NEW 6A,426800.0,Recon,2499,,2393.0,Toyota,VELLFIRE
2020 Toyota ALPHARD 3.5 V6 SC MODELLISTA FULL SPEC,249000.0,Recon,37499,,3456.0,Toyota,ALPHARD
2020 Ferrari F8 Tributo 3.9 Turbo All Carbon 710Hp,1580000.0,Recon,2499,,3902.0,Unknown,Unknown
PROTON S70 all variant / PM for Latest {Rebate},69800.0,New,2499,,1477.0,Proton,S70
2020 Toyota HARRIER 2.0G JBL SOUNDS DIM BSM UNREG,155000.0,Recon,27499,,1986.0,Toyota,HARRIER
2025 Perodua MYVI 1.5 X MY17 FACELIFT (A),50900.0,New,2499,,1496.0,Perodua,MYVI
2025 Perodua MYVI 1.5 AV MY17 FACELIFT (A),59900.0,New,2499,,1496.0,Perodua,MYVI
2025 Perodua ATIVA AV MY21 D55L (A),72400.0,New,2499,,998.0,Perodua,ATIVA
2019 Mazda CX-5 2.0 G 2WD HIGHSPEC FACELIFT/1OWNER,84800.0,Used,92499,2019.0,1998.0,Mazda,CX-5
2022 Lamborghini 4.0 Urus Pearl Capsule Mileage 9k,1630000.0,Recon,7499,,3996.0,Unknown,Unknown
2010 Honda CIVIC 2.0 S i-VTEC FACELIFT (A),43300.0,Used,164999,2010.0,1998.0,Honda,CIVIC
2014 Perodua ALZA 1.5 SE ZS FACELIFT (A)77K KM,28300.0,Used,72499,2014.0,1495.0,Perodua,ALZA
2024 Perodua ATIVA 1.0 H MY21 D55L (A),66300.0,New,2499,,998.0,Perodua,ATIVA
2020 Porsche 911 3.0 Carrera S Sport Exhaust 450Hp,688000.0,Recon,7499,,2981.0,Porsche,911
2007 Toyota CAMRY 2.0 G (A) Cash Only,17200.0,Used,104999,2007.0,1998.0,Toyota,CAMRY
2012 Perodua MYVI 1.3 EZi (A),19800.0,Used,144999,2012.0,1298.0,Perodua,MYVI
2017 Toyota CAMRY 2.0 GX FACELIFT (A),93800.0,Used,87499,2017.0,1998.0,Toyota,CAMRY
2020 Toyota ALPHARD 2.5 S TYPE GOLD (A),200000.0,Recon,32499,,2493.0,Toyota,ALPHARD
2019 Toyota CAMRY 2.5 V (A),151800.0,Used,114999,2019.0,2494.0,Toyota,CAMRY
2015 Toyota CAMRY 2.0 G (A),55800.0,New,104999,,1998.0,Toyota,CAMRY
2018 Mercedes Benz E200 AVANTGARDE F/SVC Mercedes,113800.0,Used,92499,,1991.0,Mercedes,Benz
2022 Bmw X3 2.0 xDrive30e M-Sport F/SVC & Wnty BMW,235800.0,Used,42499,2022.0,1998.0,BMW,X3
2014 Toyota VELLFIRE 2.4 Z GOLDEN EYES FACELIFT,89800.0,Used,114999,2014.0,2362.0,Toyota,VELLFIRE
2016 Mini COOPER 1.5 (A) Service Record MINI 1 Own,59800.0,Used,97499,,1499.0,Mini,COOPER
2019 Honda CIVIC 1.5TCP F/Exhuast F/SerVRec 1Owner,83900.0,Used,92499,2019.0,1498.0,Honda,CIVIC
2021 Mercedes-Benz G63 4.0 AMG Black Mileage 8k,918000.0,Recon,7499,,3982.0,Mercedes,-Benz
2015 Mazda 3 1.6 SPORT (A) WARRANTY 3YRS T&C,22800.0,Used,124999,2015.0,1598.0,Mazda,3
2019 MercBenz A250 2.0 4MATIC TURBO JAPAN UNREG,139000.0,Recon,47499,,1991.0,Unknown,Unknown
2020 Toyota SUPRA 3.0 RZ (A) STAGE 2 FULL SPEC .,296000.0,Recon,27499,,2998.0,Toyota,SUPRA
2016 Toyota LANDCRUISER 4.6 ZX (A) FULL SPEC,228000.0,Used,67499,2016.0,4608.0,Toyota,LANDCRUISER
2011 Honda CIVIC 1.8 i-VTEC(A) 70k km !! one owner,34800.0,Used,77499,2011.0,1799.0,Honda,CIVIC
1998 Honda CIVIC 1.6 (A) SUPER CHEAPEST PRICE!100%,12800.0,Used,174999,1998.0,1598.0,Honda,CIVIC
2017 Honda HR-V 1.8 V F/S RECORD 100% FULL LOAN,48800.0,Used,114999,2017.0,1799.0,Honda,HR-V
2012 Honda CR-V 2.0 i-VTEC FACELIFT (A) CASH,25800.0,Used,144999,2012.0,1997.0,Honda,CR-V
2018 Honda CR-V 2.0 2WD (A) BEST DEAL,76800.0,Used,104999,,1997.0,Honda,CR-V
2016 Toyota VELLFIRE 2.5 Z A EDITION GOLDEN EYE,153800.0,Used,62499,,2493.0,Toyota,VELLFIRE
2023 Mercedes Benz E200 2.0 AVANTGARDE MY19 W213,215800.0,Used,67499,,1991.0,Mercedes,Benz
2017 Mercedes Benz E200 2.0 AMG (A)14 K KM MIL,134800.0,Used,12499,,1991.0,Mercedes,Benz
Bmw 318i 1.5 LUXURY F30 LCI F/LIFT M SPORT FSR80k,72800.0,Used,82499,2019.0,1499.0,BMW,318i
2017 Mercedes Benz G350D 3.0 4MATIC (A),390000.0,Used,87499,,2987.0,Mercedes,Benz
2011 Honda CITY 1.5 S GM2 I-VTEC MODULO Facelift,16800.0,Used,97499,2011.0,1497.0,Honda,CITY
P CAYENNE 3.0 D 958 HAMANN PBoot Burmester ImpBARU,79800.0,Used,82499,2012.0,2967.0,Unknown,Unknown
2020 Honda ACCORD 1.5 TC-P (A)HIGH SPEC PREMIUM,97800.0,Used,67499,2020.0,1498.0,Honda,ACCORD
2018 Perodua MYVI 1.5 ADVANCE (A)ORI LOW MILEAGE,39800.0,Used,52499,2018.0,1496.0,Perodua,MYVI
2013 Honda CIVIC 1.5 (HYBRID) (A)CAR GOODCONDITION,21800.0,Used,97499,2013.0,1497.0,Honda,CIVIC
2016 Bmw 320i SPORT LINE (CKD) 2.0 FACELIFT (A),68800.0,Used,97499,2016.0,1998.0,BMW,320i
2021 Toyota HARRIER 2.0 Z LEATHER PKG,179000.0,Recon,27499,,1986.0,Toyota,HARRIER
2010 Honda ACCORD 2.0 VTi (A) LEATHER SEATS,19800.0,Used,184999,2010.0,1997.0,Honda,ACCORD
2021 Toyota ALPHARD 2.5 SC (A) UNREG,221000.0,Recon,37499,,2493.0,Toyota,ALPHARD
2023 Toyota ALPHARD 2.5 Z (A) UNREG,328000.0,Recon,7499,,2493.0,Toyota,ALPHARD
2014 Toyota HILUX 3.0 G VNT (A) 1 OWNER,48800.0,Used,174999,2014.0,2982.0,Toyota,HILUX
2019 Perodua MYVI 1.3 X PREMIUM (A) 1 OWNER,34800.0,Used,82499,2019.0,1329.0,Perodua,MYVI
2021 Toyota ALPHARD 2.5 SC (A) UNREG,219000.0,Recon,27499,,2493.0,Toyota,ALPHARD
Mits OUTLANDER 2.4 AWD RE FACELIFT FULLSPEC Reg.19,69800.0,Used,82499,2018.0,2378.0,Unknown,Unknown
Bmw 523i 2.5 F10 LWB FL G30 LCI F90 M5 Competition,58800.0,Used,104999,2011.0,2497.0,BMW,523i
2016 Perodua AXIA 1.0 G (A) -1 OWNER/BODYKIT,20800.0,Used,124999,2016.0,998.0,Perodua,AXIA
2019 Honda CIVIC 1.8 S (A) -FULL LOAN.FULL SERVICE,75800.0,Used,77499,2019.0,1799.0,Honda,CIVIC
2017 Volkswagen GOLF 2.0 GTi (A) 7.5 -DIRECT OWNER,159900.0,Used,87499,2017.0,1984.0,Volkswagen,GOLF
2015 Honda JAZZ 1.5 V (A)1OWNER/FULL SERVICE HONDA,44800.0,Used,134999,2015.0,1497.0,Honda,JAZZ
UNREG 2020 Mercedes Benz A250 AMG LINE 2.0(A)BEST,175500.0,Recon,22499,,1991.0,Mercedes,Benz
2018 Volkswagen JETTA 1.4 TSI HIGHLINE Pstar Pseat,40800.0,Used,37499,,1395.0,Volkswagen,JETTA
RECOND Mercedes Benz A35 2.0 AMG (A) üî•HIGH LOANüî•,233000.0,Recon,27499,,1991.0,Mercedes,Benz
2023 Toyota ALPHARD 2.5 SC FULL JBL 5A 360CAM,266688.0,Recon,12499,,2493.0,Toyota,ALPHARD
2015 Mercedes Benz A200 (CBU) 1.6 (A) PADDLE SHIFT,70800.0,Used,134999,2015.0,1595.0,Mercedes,Benz
2020 Toyota HARRIER 2.0 Z LEATHER FULL SPEC,176688.0,Recon,12499,,1986.0,Toyota,HARRIER
2019 Weststar MAXUS G10 2.0 EXECUTIVE (A) SUNROOF,97800.0,Used,52499,2019.0,1995.0,Unknown,Unknown
-2018- LOAN KEDAI Proton PERSONA 1.6 PREMIUM (A),22980.0,Used,82499,,1597.0,Proton,PERSONA
2020 Toyota SUPRA 3.0 RZ with Red & Black Interior,282001.0,Recon,37499,,2998.0,Toyota,SUPRA
-2015- LOAN KEDAI Toyota CAMRY 2.5 V (A) FULL LOAN,46980.0,Used,92499,,2494.0,Toyota,CAMRY
"2022 Toyota SUPRA SZ 2.0 19,xxx km Red & BlackSeat",284001.0,Recon,17499,,1998.0,Toyota,SUPRA
"2020 Toyota SUPRA 3.0 RZ 12,xxx km Grade 4.5 B",286001.0,Recon,12499,,2998.0,Toyota,SUPRA
2013 LOAN KEDAI Honda ACCORD 2.4 VTi-L F/LIFT (A),29980.0,Used,104999,,2354.0,Honda,ACCORD
2017 Proton IRIZ 1.3 EXECUTIVE (A),19800.0,Used,87499,2017.0,1332.0,Proton,IRIZ
2022 Land Rover DEFENDER 2.0 90 P300 LOW MILEAGE,299000.0,Recon,12499,,1995.0,Land Rover,DEFENDER
2021 Toyota ALPHARD 2.5 SC (A) Sunroof Mileage 12k,225000.0,Recon,12499,,2493.0,Toyota,ALPHARD
2023 Toyota Alphard 2.5 Z Modellista Kit Side Step,328000.0,Recon,12499,,2493.0,Toyota,Alphard
2021 Mercedes Benz CLA250 2.0 4 MATIC FACELIFT (A),229000.0,Recon,27499,,1991.0,Mercedes,Benz
2008 Honda ACCORD 2.0 I-VTEC (A),18800.0,Used,124999,2008.0,1997.0,Honda,ACCORD
2021 Toyota ALPHARD 2.5 SC SUNROOF DIM BSM UNREG,217000.0,Recon,32499,,2493.0,Toyota,ALPHARD
2020 Toyota HARRIER 2.0 Z LEATHER Surround Camera,172000.0,Recon,22499,,1986.0,Toyota,HARRIER
2021 Toyota ALPHARD 2.5 SC DIM BSM MODELLISTA UNRE,217000.0,Recon,57499,,2493.0,Toyota,ALPHARD
2024 Toyota CROWN SPORT MODELISTA 2.5 Sunroof,318000.0,Recon,12499,,2487.0,Toyota,CROWN
2023 Mercedes Benz GLC300 2.04MATIC X254 F.S.R 10K,328800.0,Used,12499,2023.0,1999.0,Mercedes,Benz
2014 Perodua AXIA 1.0 G (A)100% ACC FREE/1 OWNER,17800.0,Used,154999,2014.0,998.0,Perodua,AXIA
2014 Proton EXORA 1.6 BOLD (A)TURBO/7SEATER,17500.0,Used,144999,2014.0,1597.0,Proton,EXORA
2015 Toyota VELLFIRE 2.5 ZG MODELLISTA BODYKIT JBL,137900.0,Used,62499,2015.0,2493.0,Toyota,VELLFIRE
2021 Mazda 3 LIFTBACK HIGH PLUS 2.0 F.S.R 50K,117800.0,Used,52499,2021.0,1998.0,Mazda,3
2019 Bmw X3 2.0 xDRIVE30i LUXURY F.S.R 90K KM G01,119800.0,Used,92499,2019.0,1998.0,BMW,X3
2023 Suzuki SWIFT 1.4 SPORT 13K KM 4.5/A MUFFLER,129000.0,Recon,12499,,1373.0,Suzuki,SWIFT
"2023 Toyota ALPHARD 2.5 Z S,ROOF DIM BSM SIDE STEP",323000.0,Recon,12499,,2493.0,Toyota,ALPHARD
"2023 Honda CIVIC 2.0 TYPE R (FL5) 6,xxx km Grade 5",285001.0,Recon,7499,,1995.0,Honda,CIVIC
"2022 Toyota ALPHARD 2.5 SC (4A BSM,DIM)",228000.0,Recon,22499,,2493.0,Toyota,ALPHARD
2021 Toyota ALPHARD 2.5 SC (44k Milleage 4B Grade),209000.0,Recon,42499,,2493.0,Toyota,ALPHARD
2022 Toyota ALPHARD 2.5 SC (Purple Colour) 4.5A,232000.0,Recon,12499,,2493.0,Toyota,ALPHARD
2018 Perodua MYVI 1.5 ADVANCE (A),39800.0,Used,154999,2018.0,1496.0,Perodua,MYVI
2023 Toyota COROLLA CROSS 1.8 HYBRID MY21 XG10 (A),123800.0,Used,2499,2023.0,1798.0,Toyota,COROLLA
2019 Perodua AXIA 1.0 SE (A),28800.0,Used,82499,,998.0,Perodua,AXIA
2018 Perodua BEZZA 1.3 PREMIUM X (A),31800.0,Used,87499,,1329.0,Perodua,BEZZA
2018 Perodua AXIA 1.0 SE FACELIFT (A),26800.0,Used,104999,,998.0,Perodua,AXIA
2013 Mercedes Benz A250 2.0 AMG (A)  Ori Mileage,58800.0,Used,124999,2013.0,1991.0,Mercedes,Benz
2008 Perodua MYVI 1.3 SE ZHS FACELIFT (A),11200.0,Used,134999,,1298.0,Perodua,MYVI
2014 Honda CITY 1.5 V (A) 1YRWARRANTY NICENUMBER,29800.0,Used,104999,2014.0,1497.0,Honda,CITY
Honda CITY 1.5 S+ (A) ANDROID PLAYER MONTHLY 655,35800.0,Used,92499,2016.0,1497.0,Honda,CITY
2024 Toyota ALPHARD 2.5 Z SR HUD DIM BSM PCS Unreg,340000.0,Recon,2499,,2493.0,Toyota,ALPHARD
2022 Mercedes Benz G63 4.0 AMG 5A 4K KM UNREG,1168000.0,Recon,2499,,3982.0,Mercedes,Benz
Toyota HARRIER 2.0 G TOMS BODYKIT BSM 20K KM 2022,173000.0,Recon,17499,,1986.0,Toyota,HARRIER
Mazda 3 2.0 SEDAN HIGH SKYACTIV (A) FULL LOAN,40800.0,Used,87499,,1998.0,Mazda,3
Toyota COROLLA ALTIS 1.8 G FACELIFT (A) FULL LOAN,27800.0,Used,104999,2012.0,1798.0,Toyota,COROLLA
"Mazda 3 1.6 SEDAN (A) LEATHER SEAT , FULL LOAN",19800.0,Used,97499,,1598.0,Mazda,3
Proton SAGA PREMIUM 1.3 (A) GENUINE 11K MILEAGES,25800.0,Used,12499,,1332.0,Proton,SAGA
2021 Porsche 992 Carrera S Unreg - Japan. PDCC,808000.0,Recon,7499,,2981.0,Porsche,992
2020 Toyota HARRIER 2.0G JBL SOUNDS PRECRASH BSM,158000.0,Recon,17499,,1986.0,Toyota,HARRIER
2020 Toyota ALPHARD 2.5 X Sunroof 4.5/B 35K KM,177000.0,Recon,37499,,2493.0,Toyota,ALPHARD
2021 Merc Benz GLA35 AMG 4MATIC BURMESTER SOUNDS,223000.0,Recon,17499,,1991.0,Unknown,Unknown
2010 MitsubishiTRITON 2.5 FACELIFT(A)FREE WARRANTY,38800.0,Used,104999,,2477.0,Mitsubishi,TRITON
2023 Porsche Carrera GTS Unreg - Lifting. Carbon,1280000.0,New,12499,,2981.0,Porsche,Carrera
2024 Honda CIVIC 2.0 TYPE R FL5 NEW CAR BLUE UNREG,299000.0,Recon,2499,,1996.0,Honda,CIVIC
2023 Honda CIVIC 2.0 TYPE R 5A 3K KM WITH REPORT,282000.0,Recon,2499,,1996.0,Honda,CIVIC
2023 Honda CIVIC 2.0 TYPE R (FL5) NEW CAR 6A GRADE,279000.0,Recon,2499,,1995.0,Honda,CIVIC
2022 Toyota ALPHARD 2.5 X DIM BSM GRADE 4.5 18K KM,198000.0,Recon,17499,,2493.0,Toyota,ALPHARD
2024 Toyota ALPHARD 2.5 Z New Car SR DIM BSM Unreg,338000.0,Recon,2499,,2493.0,Toyota,ALPHARD
2021 Honda CITY 1.5 V 29K KM Warranty Till 2026,71800.0,Used,27499,,1498.0,Honda,CITY
2021 [JBL-4CAM-DIM-BSM]Toyota VELLFIRE 2.5 G/EYES,208000.0,Recon,17499,,2494.0,Toyota,VELLFIRE
2011 Honda CIVIC 2.0 i-VTEC (A) FREE WARRANTY,42800.0,Used,97499,2011.0,1998.0,Honda,CIVIC
2019 Toyota VELLFIRE 2.5 ZG (A)UNREG-7 YR WARRANTY,194000.0,Recon,57499,,2493.0,Toyota,VELLFIRE
2025 Perodua AXIA AV MY23 D74A (A),49500.0,New,2499,,998.0,Perodua,AXIA
2020 Proton X70 TGDI PREMIUM 2WD 1.8L (A) FULLSPEC,57800.0,Used,82499,2020.0,1799.0,Proton,X70
2025 Perodua BEZZA 1.3 X MY16 FACELIFT (A),43980.0,New,2499,,1329.0,Perodua,BEZZA
2025 Perodua BEZZA G MY16 FACELIFT (A),36580.0,New,2499,,998.0,Perodua,BEZZA
2018 Ford RANGER 2.0 XLT 4wd (A) 74k low mileage,65800.0,Used,72499,2018.0,1998.0,Ford,RANGER
2021 Toyota ALPHARD 2.5 SC (A),235000.0,Recon,32499,,2493.0,Toyota,ALPHARD
2014 Perodua MYVI 1.3 SE ZHS (A),21000.0,Used,87499,2014.0,1298.0,Perodua,MYVI
2015 Mazda 3 1.6 SPORT (SEDAN) (A),34000.0,Used,124999,2015.0,1598.0,Mazda,3
2020 Toyota ALPHARD 2.5 SC (A),245000.0,Recon,27499,,2493.0,Toyota,ALPHARD
2020 Perodua MYVI 1.5 H (A),43800.0,Used,32499,2020.0,1496.0,Perodua,MYVI
2016 Perodua MYVI 1.5 SE FACELIFT (A),38800.0,Used,72499,2016.0,1495.0,Perodua,MYVI
2025 Perodua AXIA X MY23 D74A (A),40000.0,New,2499,,998.0,Perodua,AXIA
2020 Toyota VIOS 1.5 G (A)FULL SPEC/LOW MILEAGE,58800.0,Used,72499,2020.0,1496.0,Toyota,VIOS
2018 Perodua MYVI 1.5 H (A)CONVERT EXHAUST/BODTKIT,37800.0,Used,92499,2018.0,1496.0,Perodua,MYVI
2021 Lexus RX300 F SPORT 2.0L (A) FREE 6 WARRANTY.,275000.0,Recon,37499,,1998.0,Lexus,RX300
2018 Honda CIVIC 1.5 TC-PREMIUM F/SR WARANTY HOT,87800.0,Used,92499,2018.0,1498.0,Honda,CIVIC
Toyota VELLFIRE 3.5 EXECUTIVE LOUNGE (A) MAX LOAN!,132800.0,Used,92499,,3456.0,Toyota,VELLFIRE
2006 Honda CITY 1.5 i-DSI(A) CAR KING CASH BUYER!!,10600.0,Used,134999,,1496.0,Honda,CITY
2020 Perodua AXIA 1.0 STYLE(A) LIMITED UNIT! HOT!!,29800.0,Used,52499,,998.0,Perodua,AXIA
2025 Honda HR-V 1.5 All Model,110000.0,New,2499,,1498.0,Honda,HR-V
2009 Toyota WISH 1.8 S (A),45800.0,Used,87499,,1797.0,Toyota,WISH
2021 Toyota C-HR 1.2 GT TURBO MODELLISTA,147000.0,Recon,12499,,1197.0,Toyota,C-HR
2020 4059 Mercedes Benz A180 1.3 AMG (CBU) (A),165000.0,Recon,17499,,1332.0,Mercedes,Benz
Toyota HARRIER 2.0 Z JBL 4CAM FULL SPEC 5A 5A 2023,213000.0,Recon,7499,,1986.0,Toyota,HARRIER
2025 Honda CITY 1.5 Sedan Dan Hatchback,80000.0,New,2499,,1498.0,Honda,CITY
2025 Perodua MYVI 1.5 H FACELIFT (A) FAST STOCK,55110.0,New,2499,,1496.0,Perodua,MYVI
2025 Perodua AXIA AV (A) FAST STOCK,49655.0,New,2499,,998.0,Perodua,AXIA
2019 Proton IRIZ 1.3 STANDARD (A) SERVICE RECORD,25800.0,Used,77499,2019.0,1332.0,Proton,IRIZ
2016 Proton PERSONA 1.6 STANDARD (A) REVERSE CAM,20800.0,Used,67499,2016.0,1597.0,Proton,PERSONA
2017 Volkswagen VENTO 1.6 (A) FREE WARRANTY,22800.0,Used,52499,2017.0,1598.0,Volkswagen,VENTO
2012 Volkswagen PASSAT 1.8 SPORT (A) FREE WAARANTY,22800.0,Used,104999,2012.0,1798.0,Volkswagen,PASSAT
2022 Honda CIVIC 2.0 ‚ú® TYPE R (FL5) Grade 5 A ‚ú®,272001.0,Recon,2499,,1995.0,Honda,CIVIC
Toyota VELLFIRE 2.4 Z PREMIER FULL BROWN 5A 2024,395000.0,Recon,2499,,2393.0,Toyota,VELLFIRE
2017 Honda CITY 1.5 V FACELIFT (A) LED HEADLAMP,42800.0,Used,134999,2017.0,1497.0,Honda,CITY
2019 Mazda CX-5 2.2 D (A) NICE PLATE NUMBER 4444,75800.0,Used,104999,2019.0,2191.0,Mazda,CX-5
2018 Proton X70 1.8 PREMIUM 2WD (A) LEATHER SEATS,46800.0,Used,92499,2018.0,1800.0,Proton,X70
2010 Toyota HARRIER 2.4 (A) 1 OWNER,31800.0,Used,114999,2010.0,2362.0,Toyota,HARRIER
Porsche CAYMAN 718 2.0L (A) HIGH LOANüî•BEST DEAL,380000.0,Recon,17499,,1988.0,Porsche,CAYMAN
2015 Toyota WISH 1.8 X (A) *NO PROSES FEE/Reg2020,68660.0,Used,104999,2015.0,1797.0,Toyota,WISH
2018 Ford RANGER 2.0 WILDTRAK (A) 4 WHEEL SYSTEM,69800.0,Used,87499,2018.0,1998.0,Ford,RANGER
2020 Toyota ALPHARD 2.5 SC (A) *Full Loan,219660.0,Recon,37499,,2493.0,Toyota,ALPHARD
2016 Ford RANGER 2.2 XLT FACELIFT (A) 4X4,48800.0,Used,104999,2016.0,2198.0,Ford,RANGER
2020 Proton X50 1.5 TGDi FLAGSHIP (A) F/S RECORD,66800.0,Used,72499,2020.0,1477.0,Proton,X50
2020 Honda HR-V 1.8 V (A) PADDLE SHIFT SUV,75800.0,Used,52499,2020.0,1799.0,Honda,HR-V
2022 Lexus NX350 F Sport (Grade 5) Panoramic Roof,298000.0,Recon,17499,,2393.0,Lexus,NX350
2021 Porsche Macan All New Facelift Haptic Touch,318000.0,Recon,47499,,1984.0,Porsche,Macan
2022 Lexus RX300 F Sport Full Spec P/Roof 360 Cam,273000.0,Recon,37499,,1998.0,Lexus,RX300
2018 FULL LOAN Honda CIVIC 1.5 TC-PREMIUM (A),86999.0,Used,104999,2018.0,1498.0,Honda,CIVIC
2013 Toyota ALPHARD 2.4 MPV FACELIFT (A),59980.0,Recon,104999,,2362.0,Toyota,ALPHARD
-2016- Honda HR-V 1.8 V (A) FULL LOAN/ LOAN KEDAI,42980.0,Used,82499,,1799.0,Honda,HR-V
-2023- Proton SAGA 1.3 VVT FACELIFT (A) LOAN KEDAI,24980.0,Used,42499,,1332.0,Proton,SAGA
-2014- LOAN KEDAI Proton PERSONA 1.6 EXECUTIVE (A),9980.0,Used,104999,,1597.0,Proton,PERSONA
2020 Lexus RX300 PREMIUM 2.0L (A),226000.0,Recon,87499,,1998.0,Lexus,RX300
2020 Toyota HARRIER 2.0 Z LEATHER,177001.0,Recon,32499,,1986.0,Toyota,HARRIER
BOSE CHRONO & EXH 2020 Porsche 911 3.0 CARRERA 4S,768000.0,Recon,17499,,2981.0,Porsche,911
2022 0190 Honda CIVIC 1.5 EX FL1 (A),165000.0,Recon,17499,,1496.0,Honda,CIVIC
2019 9814 Mercedes Benz C200 1.5 AMG LINE (A),165000.0,Recon,37499,,1497.0,Mercedes,Benz
2015 Toyota ALPHARD 2.5 (A),139800.0,Used,92499,2015.0,2493.0,Toyota,ALPHARD
2024 Toyota Alphard Z Modelista Head Up Display 5A,363000.0,Recon,2499,,2493.0,Toyota,Alphard
(PROMO) 2019 Toyota SUPRA 2.0 SZ-R (A),243000.0,Recon,27499,,1998.0,Toyota,SUPRA
Toyota ALPHARD 2.5 Z high spec 2023 Unreg,319000.0,Recon,12499,,2493.0,Toyota,ALPHARD
2023 Toyota ALPHARD 2.5 Z (A),307000.0,Recon,7499,,2493.0,Toyota,ALPHARD
2017 Toyota VELLFIRE 2.5 ZG(A)PILOT SEAT POWERBOOT,168800.0,Used,87499,2017.0,2493.0,Toyota,VELLFIRE
Toyota HARRIER 2.0 (A) G Z FulLOANüî•8 Yrs Warranty,150000.0,Recon,37499,,1986.0,Toyota,HARRIER
2020 Toyota ALPHARD 2.5 G (A) MEMORY SEAT + P/BOOT,163000.0,Recon,77499,,2493.0,Toyota,ALPHARD
2018 Honda CITY 1.5 V FACELIFT (A) LEATHER SEAT,44800.0,Used,72499,2018.0,1497.0,Honda,CITY
2022 Honda CIVIC 2.0 TYPE R (FL5) 6A Like New Car,279000.0,Recon,2499,,1995.0,Honda,CIVIC
2015 Ford FIESTA 1.0 ECOBOOST (A)TURBO 6 SPEED ABS,12800.0,Used,124999,2015.0,998.0,Ford,FIESTA
2022 Toyota VOXY 2.0 S-Z Grade with Advanced Park,186001.0,Recon,32499,,1986.0,Toyota,VOXY
2012 Naza FORTE 1.6 SX (A) SKIRTING P/SHIFT 6SPEED,11800.0,Used,164999,2012.0,1591.0,Unknown,Unknown
2024 Honda CIVIC 2.0 TYPE R FL5 ‚ú®Rare Nano Grey‚ú®,310001.0,Recon,2499,,1996.0,Honda,CIVIC
RECOND Toyota ALPHARD 2.5 SC MODELISTA KIT SUNROOF,185000.0,Recon,52499,,2493.0,Toyota,ALPHARD
"2021 Honda CIVIC TYPE R 2.0 ‚ú®11,xxx Low Mileage‚ú®",246001.0,Recon,12499,,1996.0,Honda,CIVIC
2020 Toyota ALPHARD 2.5 X 2 Power Door 8 Seaters,157001.0,Recon,77499,,2493.0,Toyota,ALPHARD
RECOND Toyota VELLFIRE 2.5 (A) FullLOANüî•BIG OFFER,168000.0,Recon,37499,,2493.0,Toyota,VELLFIRE
"2021 Porsche MACAN 2.0L ‚ú®15,xxx km‚ú® 360 CAM",300001.0,Recon,12499,,1984.0,Porsche,MACAN
2020 Toyota ALPHARD 2.5 X Welcab Special 7 Seaters,169001.0,Recon,62499,,2493.0,Toyota,ALPHARD
2024 Honda CIVIC 2.0 TYPE R FL5 6km New Car Condi,305001.0,Recon,2499,,1996.0,Honda,CIVIC
2020 Honda CIVIC FK7 AUTO üî•Rare with Sunroofüî•,141001.0,Recon,37499,,1496.0,Honda,CIVIC
2024 Honda CIVIC 2.0 TYPE R FL5 200KM~! NEW CAR!!,300001.0,Recon,2499,,1996.0,Honda,CIVIC
"2021 Honda CIVIC TYPE R 2.0 FK8 Ori 37,xxx km ONLY",245001.0,Recon,37499,,1996.0,Honda,CIVIC
2020 Toyota ALPHARD 2.5 X Rare Rose Gold Exterior,149001.0,Recon,62499,,2493.0,Toyota,ALPHARD
