Title,Price,Condition,Mileage,Year,Engine Capacity
Volkswagen TIGUAN 4Motion 7Seater DCC Mode P/Boot,"RM 142,900",Used,20000 - 24999,2023,1998cc
2016 Toyota VELLFIRE 2.5 ZA Modellista Kit 2P/Door,"RM 120,900",Used,70000 - 74999,2016,2493cc
2017 Perodua ALZA 1.5 ZV ADVANCED FACELIFT (A),"RM 39,800",Used,100000 - 109999,N/A,1495cc
2022 Nissan NAVARA PRO-4X 2.5L (A) LOW MILEAGE CAR,"RM 97,800",Used,20000 - 24999,N/A,2488cc
2020 Mazda CX-5 2.5 TURBO GLS (A) ORI MILEAGE,"RM 107,800",Used,95000 - 99999,N/A,2488cc
2016 Mercedes Benz C200 AVANTGARDE 2.0 (A) - PROMO,"RM 86,800",Used,85000 - 89999,2016,1991cc
M Benz C200 CGI BlueEFCY ELGNCE 1.8 W204 AMG SPORT,"RM 30,800",Used,100000 - 109999,2010,1796cc
X70 BULAN RAMADAN RAYA DISKAUN TETiNGI FAST STOCK,"RM 102,800",New,0 - 4999,N/A,1477cc
X70  RAYA OFFER NAK CASH REBAT TERTiNGGI SILA CALL,"RM 102,800",New,0 - 4999,N/A,1477cc
2023 Toyota LANDCRUISER PRADO 2.8 TX-L DIESEL,"RM 315,000",Recon,0 - 4999,N/A,2754cc
2015 Toyota CAMRY 2.5 HYBRID FACELIFT (A),"RM 56,800",Used,100000 - 109999,N/A,2494cc
NEGO Range Rover Vogue 5.0 Autobiography V8 LWB,"RM 670,000",Recon,35000 - 39999,N/A,5000cc
2023 Toyota ALPHARD 2.5 Z HUD SR 5A,"RM 339,700",Recon,0 - 4999,N/A,2493cc
2020-Nissan NAVARA SE 2.5 (A)NP300 4WD,"RM 57,990",Used,60000 - 64999,N/A,2488cc
2018 Honda CR-V 2.0 2WD Kah Motor 90k km 1Yr Wrnty,"RM 76,800",Used,90000 - 94999,2018,1997cc
2020 Toyota ALPHARD 2.5 SC roof monitor 3 led,"RM 201,700",Recon,35000 - 39999,N/A,2493cc
2023 Toyota ALPHARD 2.5 Z  5k km 360 cam,"RM 339,700",Recon,0 - 4999,N/A,2493cc
2020 Toyota ALPHARD 2.5 SC ROOF DIM BSM,"RM 201,700",Recon,30000 - 34999,N/A,2493cc
2018-Toyota VELLFIRE 2.5 ZG (A)Pilot Seat,"RM 179,990",Used,80000 - 84999,2018,2493cc
2013 Bmw 528i 2.0 M-Sport F10 Facelift Twin Turbo,"RM 50,900",Used,110000 - 119999,2013,1997cc
2018 Toyota ALPHARD 2.5 SC F/Convert LM350 Bodykit,"RM 161,900",Used,80000 - 84999,2018,2493cc
2019 Proton X70 1.8 PREMIUM 2WD SUNROOF WARRANTY,"RM 51,800",Used,60000 - 64999,2019,1799cc
-2012- BMW 523i F10 2.5 M SPORT (A) SMOOTH ENGINE,"RM 34,980",Used,100000 - 109999,N/A,1997cc
2011 Honda CIVIC 1.8 S-L iVTEC SELING FAST LEATHER,"RM 27,800",Used,140000 - 149999,2011,1799cc
2013 Toyota ESTIMA 2.4 AERAS POWER SEAT POWER DOOR,"RM 75,800",Used,80000 - 84999,2013,2362cc
"2023 Lexus RX350 2.4 F SPORT 20 Units,TRD,5A,6A","RM 385,000",Recon,5000 - 9999,N/A,2393cc
2020 Toyota HARRIER 2.0 Z/JBL/HUD/DIM/BSM/GRD4.5,"RM 172,000",Recon,20000 - 24999,N/A,1986cc
2015 Perodua MYVI 1.3X(Auto) DIRECT OWNER,"RM 22,000",Used,150000 - 159999,2015,1298cc
2023 Toyota ALPHARD 2.5 Z Hybrid (A),"RM 358,000",Recon,5000 - 9999,N/A,2493cc
2023 Toyota ALPHARD Z 2.5 (A),"RM 352,000",Recon,0 - 4999,N/A,2493cc
2023 Toyota ALPHARD Z (A),"RM 363,000",Recon,5000 - 9999,N/A,2493cc
2015 Honda CITY 1.5 V (A),"RM 33,800",Used,90000 - 94999,2015,1497cc
2014 Honda CITY 1.5 E (A),"RM 41,875",Used,70000 - 74999,N/A,1497cc
2021 Toyota ALPHARD 2.5 SC (A),"RM 270,000",Recon,20000 - 24999,N/A,2493cc
2021 Toyota ALPHARD 2.5 SC,"RM 295,000",Recon,20000 - 24999,N/A,2493cc
2018 Proton EXORA 1.6 EXECUTIVE FACELIFT (A),"RM 27,900",Used,180000 - 189999,2018,1561cc
2018 Audi RS6 4.0 AVANT TFSi Quattro Wagon RS 6,"RM 418,000",Used,40000 - 44999,N/A,3993cc
2019 Mazda CX-5 2.2 D GLS 2WD (CKD) FACELIFT (A),"RM 66,800",Used,80000 - 84999,N/A,2191cc
2020 Honda JAZZ S 1.5L (A),"RM 54,800",Used,60000 - 64999,N/A,1497cc
2008 Toyota VIOS 1.5 G (A),"RM 22,800",Used,120000 - 129999,2008,1497cc
2007 Perodua MYVI 1.3 EZi (A),"RM 12,900",Used,160000 - 169999,2007,1298cc
2011 Perodua MYVI 1.3 SX FACELIFT (M),"RM 8,800",Used,160000 - 169999,2011,1298cc
2004 Proton GEN-2 1.6 (A),"RM 6,500",Used,0 - 4999,N/A,1597cc
kancil 850 auto 1998,"RM 3,500",Used,65000 - 69999,N/A,847cc
2018 Mitsubishi TRITON 2.4 VGT A/T (A),"RM 59,888",Used,180000 - 189999,2018,2442cc
2020 Mercedes Benz A250 2.0 AMG (A) HIGH SPECS,"RM 175,000",Recon,35000 - 39999,N/A,1991cc
2015 Perodua AXIA 1.0 G (A),"RM 16,500",Used,170000 - 179999,2015,998cc
13K KM PEARL CAPSULE 360CAM Lamborghini URUS 4.0,"RM 1,670,000",Recon,10000 - 14999,N/A,3996cc
2024 Chery TIGGO 2.0 8 PRO PREMIUM MY23 (A)ALL-IN,"RM 118,800",Used,25000 - 29999,2024,1998cc
"GRADE 5A, 8K KM 2021 Mercedes Benz G63 4.0 AMG","RM 918,000",Recon,5000 - 9999,N/A,3982cc
2021 Mercedes Benz CLA180 1.3 Turbo Coupe(A),"RM 192,000",Recon,25000 - 29999,N/A,1332cc
Mugen FullService Honda JAZZ 2021 Hatchback 1.5(A),"RM 58,800",Used,70000 - 74999,N/A,1497cc
GM6 TypeR Keyless HiLoan 2016 Honda CITY 1.5 E (A),"RM 33,800",Used,70000 - 74999,N/A,1497cc
SunRoof Leather Camera 2014 Hyundai ELANTRA 1.8(A),"RM 19,800",Used,90000 - 94999,N/A,1797cc
Camera360 Sunroof Leather BodyKit 2015 Mazda 3 2.0,"RM 37,800",Used,60000 - 64999,N/A,1998cc
Mercedes Benz E200 SPORTSTYLE 2.0 (A) SerRec Wrrty,"RM 163,777",Used,45000 - 49999,2020,1991cc
'15/21 Mini COOPER 2.0 S JCW Bkit Remus BBS Rims,"RM 83,777",Used,60000 - 64999,2015,1998cc
YM12/17 Toyota VELLFIRE 2.4 Z FLift 2PDoor 7Seater,"RM 77,777",Used,70000 - 74999,2012,2362cc
2014 Toyota HARRIER 2.0 PREMIUM 1 Owner Car King,"RM 75,777",Used,95000 - 99999,2014,1986cc
NEGO 2019 RangeRover VOGUE 5.0 V8 LWB AUTOBIOGRAPH,"RM 630,000",Recon,45000 - 49999,N/A,5000cc
2017 Honda JAZZ 1.5 V (A) FULL SERVICE RECORD,"RM 48,800",Used,45000 - 49999,2017,1497cc
Proton IRIZ 1.6 PREMIUM (A) FULL SERVICE RECORD,"RM 24,800",Used,140000 - 149999,2019,1597cc
2018 Volkswagen PASSAT 1.8 TSI (A) MEMORY SEATS,"RM 54,800",Used,130000 - 139999,2018,1798cc
2023 Toyota ALPHARD 2.5 Z (A) UNREG,"RM 337,000",Recon,5000 - 9999,N/A,2493cc
2020 Proton X70 TGDI PREMIUM 2WD 1.8L (A)45KMILEAG,"RM 57,800",Used,45000 - 49999,2020,1799cc
2022 Proton PERSONA STANDARD 1.6L (A)ORI PAINT,"RM 33,800",Used,40000 - 44999,2022,1597cc
2015 Perodua MYVI 1.5 SE FACELIFT (A)ORILOWMILEAGE,"RM 28,800",Used,95000 - 99999,2015,1495cc
2019 Mazda CX-5 2.0 G 2WD HIGH SPEC FACELIFT (A),"RM 84,800",Used,90000 - 94999,2019,1998cc
2018 Ford RANGER 2.0 XLT (A)ORIGINAL LOW MILEAGE,"RM 65,800",Used,70000 - 74999,2018,1998cc
2018 Toyota HILUX 2.8 L-EDITION FACELIFT (A),"RM 87,800",Used,80000 - 84999,2018,2755cc
2023 Proton PERSONA PREMIUM 1.6L (A),"RM 45,800",Used,50000 - 54999,2023,1597cc
2016 Mazda CX-5 2.2 D GLS 2WD NFL Leather Ser Recs,"RM 40,777",Used,90000 - 94999,2016,2191cc
2014 Perodua MYVI 1.3 SE ZHS (A),"RM 24,800",Used,85000 - 89999,2014,1298cc
"2023 Honda CIVIC 2.0 TYPE R FL5 (M) 18K KM,5A","RM 279,000",Recon,15000 - 19999,N/A,1996cc
2021 Mercedes Benz A35 2.0 AMG 4MATIC FULL SPECS,"RM 235,000",Recon,55000 - 59999,N/A,1991cc
2014 Toyota VIOS 1.5 TRD SPORTIVO (A) 1 OWNER,"RM 40,800",Used,130000 - 139999,2014,1497cc
2014 Perodua ALZA 1.5 SE ZS FACELIFT (A) 1 OWNER,"RM 29,800",Used,100000 - 109999,2014,1495cc
"2012 Proton SAGA 1.3 FL (A) 1 Owner, Mileage tulen","RM 9,800",Used,100000 - 109999,2012,1332cc
2015 Mazda 3 2.0 SDN HIGH SKYACTIV Leather SerRec,"RM 43,777",Used,75000 - 79999,2015,1998cc
2016 Perodua MYVI 1.5 ADVANCE FACELIFT (A) ORI KM,"RM 29,800",Used,120000 - 129999,2016,1495cc
FULL LOAN 2022 Proton X50 TGDI FLAGSHIP 1.5L (A),"RM 79,999",Used,35000 - 39999,N/A,1477cc
FULL LOAN Toyota VELLFIRE 2.4 FACELIFT,"RM 78,999",Used,100000 - 109999,N/A,2362cc
Keyless 2011 LATIO 1.6 SPORT IMPUL (A) Hatchback,"RM 13,800",Used,90000 - 94999,N/A,1598cc
2020 FULL LOAN Honda CIVIC 1.5 TC-P (A),"RM 107,999",Used,60000 - 64999,N/A,1498cc
2019 Mercedes Benz A35 2.0 AMG (A) HIGH SPECS,"RM 203,000",Recon,30000 - 34999,N/A,1991cc
F30 5YearsWarranty Nappa 2017 Bmw 318i 1.5 LCi,"RM 55,800",Used,80000 - 84999,N/A,1499cc
2016 FULL LOAN Honda CIVIC 1.8,"RM 68,999",Used,100000 - 109999,N/A,1799cc
2025 Perodua ALZA 1.5 AV MY22 (A),"RM 78,999",Used,0 - 4999,N/A,1496cc
2020 Mercedes Benz GLC300 2.0 4MATIC AMG LINE (A),"RM 245,000",Used,55000 - 59999,N/A,1991cc
2021 Porsche MACAN 2.0L 4WD PDLS 4 LED 360 Camera,"RM 318,000",Recon,55000 - 59999,N/A,1984cc
2024 Proton X70 1.5 PREMIUM 2WD  MC2 (A),"RM 90,000",New,0 - 4999,N/A,1477cc
2024 Proton SAGA 1.3 STANDARD AT MY19 FACELIFT (A),"RM 33,000",New,0 - 4999,N/A,1332cc
Volkswagen Passat 1.8 (A) ENHANCED SPORT*WARRANTY,"RM 21,800",Used,85000 - 89999,2013,1798cc
2025 Proton S70 1.5 FLAGSHIP X MY25 (A),"RM 71,800",New,0 - 4999,N/A,1477cc
Volkswagen POLO SEDAN 1.6 LIMITED EDITION*WARRANTY,"RM 17,800",Used,75000 - 79999,2015,1598cc
2025 Proton X50 1.5 TGDI FLAGSHIP MY20 (A),"RM 80,000",New,0 - 4999,N/A,1477cc
2020 Perodua AXIA 1.0 SE (A)FULL LOAN,"RM 30,800",Used,80000 - 84999,2020,998cc
2014 Perodua MYVI 1.3 EZ (A)FULL LOAN,"RM 19,800",Used,100000 - 109999,2014,1298cc
2017 Toyota VIOS 1.5 E (A)FULL LOAN,"RM 45,800",Used,90000 - 94999,2017,1496cc
2019 Perodua MYVI 1.5 (A)FULL LOAN,"RM 38,800",Used,70000 - 74999,2019,1496cc
NEGO 2020 Range Rover VOGUE 5.0 AUTOBIOGRAPHY LWB,"RM 650,000",Recon,45000 - 49999,N/A,4999cc
2021 Audi Q5 TFSI QUATTRO 2.0L FSR UNDER WARRANTY,"RM 248,800",Used,50000 - 54999,N/A,1984cc
Mazda 3 2.0 SEDAN HIGH SKYACTIV FACELIFT FULL SRVR,"RM 65,800",Used,90000 - 94999,2017,1998cc
2020 Lexus RX300 Version L 4Cam HUD BSM RX 300 NFL,"RM 232,000",Recon,40000 - 44999,N/A,1998cc
2021 Mercedes Benz C200 1.5 AMG Wagon  (A),"RM 188,000",Recon,35000 - 39999,N/A,1497cc
NEW 2025 Proton SAGA 1.3 STANDARD PER REG  DISC 4K,"RM 34,800",New,0 - 4999,N/A,1332cc
RECOND Toyota VELLFIRE 3.5 VL (A) FulLOANüî•FulSPEC,"RM 200,000",Recon,40000 - 44999,N/A,3456cc
Honda CR-V 2.4 4WD FACELIFT (A)*WARRANTY*TIPTOP,"RM 38,800",Used,75000 - 79999,N/A,2354cc
Honda CR-V 2.4 4WD FACELIFT (A)*WARRANTY*TIPTOP,"RM 49,800",Used,85000 - 89999,2015,2354cc
2020 Honda CIVIC 1.5 TC-P (A),"RM 108,800",Used,80000 - 84999,N/A,1498cc
Honda CIVIC 2.0 NAVI FACELIFT (A)*TIPTOP *WARRANTY,"RM 44,800",Used,80000 - 84999,N/A,1997cc
2016-Peugeot 408 1.6 GRIFFE THP (A)LOAN/CASH,"RM 11,770",Used,95000 - 99999,N/A,1598cc
Honda ACCORD 2.4 I-VTEC (A) *TIPTOP *WARRANTY,"RM 40,800",Used,85000 - 89999,N/A,2356cc
2017 Mercedes Benz C200 2.0 AMG LINE (CKD) (A),"RM 115,800",Used,85000 - 89999,N/A,1991cc
2016-Peugeot 408 2.0 (A)LOAN/CASH,"RM 9,770",Used,95000 - 99999,N/A,1997cc
Chevrolet CRUZE 1.8 SPORT EDITION mileage 42xxx,"RM 16,770",Used,40000 - 44999,N/A,1796cc
2022 Lexus NX 250 2.5 360 Camera HUD PCS Unreg,"RM 259,000",Recon,30000 - 34999,N/A,2487cc
2008 Honda CIVIC 2.0 i-VTEC (A) üèÜüèÜPADDLE SHIFT+-,"RM 28,800",Used,100000 - 109999,N/A,1998cc
Proton PERSONA EXECUTIVE 1.6L (A) HIGH SPEC*L/SEAT,"RM 29,800",Used,35000 - 39999,N/A,1597cc
Honda JAZZ FIT RS 1.5 V (A) i-VTEC *3 YEARS WRNTY,"RM 47,800",Used,65000 - 69999,N/A,1497cc
Mazda CX-5 2.5 2WD (A) SUNROOF *BOSE SOUND *WRNTY,"RM 39,800",Used,85000 - 89999,N/A,2488cc
Honda ACCORD 2.0 VTi-L FACELIFT (A) *3 YRS WRNTY,"RM 64,800",Used,65000 - 69999,N/A,1997cc
X70 DISINI CASH REBATE TERTiNGGI PM SAYA LIMITED STOCK,"RM 99,800",New,0 - 4999,N/A,1477cc
Ford RANGER 2.2 XLT FACELIFT T8 4x4 6Sp CBU H/SPEC,"RM 81,800",Used,40000 - 44999,2022,2198cc
LANDCRUISER 4.6 ZX URJ202W FL J300 MODELLISTA Rg15,"RM 158,800",Used,75000 - 79999,2012,4608cc
Honda ACCORD 1.5 TC CV1 LaneWatch FSR60kKM LikeNEW,"RM 105,800",Used,55000 - 59999,2020,1498cc
M B A180 AMG 1.6 W176 F/L A45 B/Kit CBU JAPAN Rg21,"RM 95,500",Used,85000 - 89999,2017,1595cc
Volkswagen BEETLE 1.2 TSI (A) FULLSERVICE HEADLAMP,"RM 34,800",Used,110000 - 119999,2012,1197cc
Bmw 218i M SPORT 1.5L FACELIFT (A) WARRANTY 2027,"RM 132,800",Used,50000 - 54999,2022,1499cc
2012 Toyota VELLFIRE 2.4 2pw Dor 8Seat 360 1yWrnty,"RM 67,800",Used,120000 - 129999,2012,2362cc
2023 Toyota ALPHARD 2.5 Z DIM BSM,"RM 309,700",Recon,10000 - 14999,N/A,2493cc
2020 Toyota ALPHARD 2.5 SC DIM BSM SR,"RM 201,700",Recon,40000 - 44999,N/A,2493cc
2023 Toyota ALPHARD 2.5 Z 6A 1K MILEAGE,"RM 313,700",Recon,0 - 4999,N/A,2493cc
2020 Toyota ALPHARD 2.5 X 2PD pre crash,"RM 172,700",Recon,35000 - 39999,N/A,2493cc
2023 Mercedes Benz E200 2.0 AVNTGRDE C&C Wrnty2027,"RM 215,800",Used,65000 - 69999,2023,1991cc
2017 Mercedes Benz E200 Ori AMG JPN IMPOT 2Y Wrnty,"RM 134,800",Used,10000 - 14999,2017,1991cc
"Proton IRIZ 1.6 PREMIUM (A) FULL LOAN , CAR KING","RM 24,800",Used,70000 - 74999,N/A,1597cc
2015 Volkswagen GOLF R 2.0 MK7 Local Stage3 432Whp,"RM 125,900",Used,45000 - 49999,2015,1984cc
OFFER Perodua ALZA SE Advance OriPaint BodyKit DVD,"RM 30,900",Used,65000 - 69999,2017,1495cc
2017 Mercedes Benz E200 AMG W213 F/ServRec LowMile,"RM 109,900",Used,40000 - 44999,2017,1991cc
2019 BMW 530e G30 M-SPORT iPerformance F/S/Rec 59K,"RM 106,900",Used,50000 - 54999,2019,1998cc
Fully Loaded Honda CIVIC B20B K20A K24 Type R VTEC,"RM 62,900",Used,180000 - 189999,1995,1590cc
"2015 Nissan TEANA 2.5 XV (A) FULL LOAN , CAR KING","RM 29,800",Used,95000 - 99999,N/A,2488cc
2012 LOAN KEDAI Mercedes Benz C200 (A) W204 CGI,"RM 26,980",Used,110000 - 119999,N/A,1796cc
2015 Perodua MYVI 1.3 PREMIUM X AV WARRANTY TIPTOP,"RM 23,800",Used,90000 - 94999,2015,1298cc
TRUE 2014 Toyota VIOS 1.5 (A) 1 OWNER SELLING FAST,"RM 27,800",Used,100000 - 109999,2014,1497cc
2018 Perodua AXIA 1.0 ADVANCE LEATHER SEAT AV SPEC,"RM 25,800",Used,60000 - 64999,2018,998cc
2020 Perodua ALZA 1.5 AV FULL SERVICE LOW MILEAGE,"RM 51,800",Used,40000 - 44999,2020,1495cc
2015 Honda CR-V 2.0 ANDROID PLAYER LEATHER SEAT,"RM 43,800",Used,90000 - 94999,N/A,1997cc
Volkswagen GOLF 1.4 TSI MK7 GTI BODYKIT BLACK RIMS,"RM 37,800",Used,90000 - 94999,2013,1395cc
"2020 Lexus RX300 F SPORT 2.0 21K KM,RED SEAT,PROOF","RM 260,000",Recon,20000 - 24999,N/A,1998cc
2023 Lexus RX350 2.4 F SPORT TRD/SUPER HIGH SPEC,"RM 395,000",Recon,15000 - 19999,N/A,2393cc
"2023 Toyota ALPHARD 2.5 Z 5A,30 UNIT,HUD,MODELISTA","RM 348,000",Recon,5000 - 9999,N/A,2493cc
2021 Toyota ALPHARD 2.5 SC SUNROOF DIM BSM UNREG,"RM 226,000",Recon,25000 - 29999,N/A,2493cc
2018/2022 Toyota ALPHARD 2.5 SC (A),"RM 201,800",Used,70000 - 74999,2018,2493cc
2011 Perodua MYVI 1.3 EZi FACELIFT (A),"RM 15,200",Used,95000 - 99999,2011,1298cc
2018 Perodua MYVI 1.5 ADVANCE (A),"RM 40,800",Used,60000 - 64999,2018,1496cc
2020 Toyota ALPHARD 2.5 S TYPE GOLD (A),"RM 242,000",Recon,30000 - 34999,N/A,2493cc
S70 DISINI DISKAUN PALING TiNGGI LAST 4 UNIT SAJA,"RM 86,000",New,0 - 4999,N/A,1477cc
S70 HARGA TERENDAH DISiNI CALL SAYA REBATE TETINGI,"RM 70,800",New,0 - 4999,N/A,1477cc
S70 DISKAUN TETiNGGI CALL DAPAT HARGA PALING MURAH,"RM 82,800",New,0 - 4999,N/A,1477cc
2025 Perodua AXIA SE MY23 D74A (A),"RM 44,000",New,0 - 4999,N/A,998cc
2007 Toyota VIOS 1.5 G FACELIFT (A),"RM 14,900",Used,190000 - 199999,N/A,1497cc
2011 Proton SAGA 1.3 FL (A),"RM 9,800",Used,130000 - 139999,2011,1332cc
2011 Proton PERSONA 1.6 ELEGANCE BASE LINE (A),"RM 10,900",Used,130000 - 139999,2011,1597cc
2022 Bmw 420i 2.0 COUPE M SPORT GRADE 5A UNREG,"RM 233,000",Recon,25000 - 29999,N/A,1998cc
2014 Proton PREVE 1.6 EXECUTIVE (A),"RM 18,800",Used,140000 - 149999,2014,1597cc
2018 Bmw X5 2.0 xDRIVE40e M SPORT BMW Wnty 2026,"RM 95,800",Used,90000 - 94999,2018,1997cc
"2019 Nissan X-TRAIL 2.0 MID (A) 7 Seater, 360 CAM","RM 67,800",Used,80000 - 84999,2019,1997cc
NEGO 2022 Porsche 911 CARRERA 4S SPORT DESIGN PACK,"RM 1,030,000",Recon,5000 - 9999,N/A,2981cc
2022 Volvo V60 2.0 RECHARGE T8 Inscription,"RM 200,888",Used,35000 - 39999,2022,1969cc
NEGO 2022 Range Rover P530 4.4 VOUGE LWB AUTOBIOGR,"RM 1,310,000",Recon,5000 - 9999,N/A,4395cc
2023 BMW IX xDRIVE40 SPORT I20 (BMW Dealer),"RM 298,000",Used,0 - 4999,N/A,1cc
2024 BMW I5 eDRIVE40 M SPORT G60 22kW (BMW Dealer),"RM 315,000",Used,5000 - 9999,N/A,1cc
2018 Perodua MYVI 1.5 H (A)NICE RIM  GOODCONDITION,"RM 38,800",Used,90000 - 94999,2018,1496cc
2011 Toyota VELLFIRE 2.4 Z (A) FULL BODYKIT,"RM 65,800",Used,150000 - 159999,2011,2362cc
2022 Honda CR-V 1.5 TC-P 2WD (A) UNDER WARRANTY,"RM 118,800",Used,30000 - 34999,2022,1498cc
2013 Toyota VIOS 1.5 E ENHANCED (A) 1 OWNER,"RM 27,800",Used,170000 - 179999,2013,1497cc
2024 Toyota HILUX 2.8 GR SPORT (A)WARRANTY TOYOTA,"RM 145,800",Used,15000 - 19999,N/A,2755cc
2021 Bmw 530i 2.0 M-SPORT (A) UNDER BMW WARRANTY,"RM 198,800",Used,60000 - 64999,2021,1998cc
2016 Honda HR-V 1.8 V (A) FULL SPEC LEATHER SEAT,"RM 46,800",Used,95000 - 99999,2016,1799cc
NEGO READY STOCK 2022 Bmw M135i XDRIVE 2.0 TURBO,"RM 245,000",Recon,10000 - 14999,N/A,1998cc
2023 Honda N BOX 660 CUSTOM L TURBO (A),"RM 119,000",Recon,10000 - 14999,N/A,658cc
"2024 Honda CIVIC 2.0 TYPE R FL5 (M) 386KM ONLY,6A","RM 299,000",Recon,0 - 4999,N/A,1996cc
2010 Mercedes Benz E250 AMG P.Roof JAPAN 1Yr Wrnty,"RM 35,800",Used,140000 - 149999,2010,1796cc
2021 Toyota HARRIER 2.0 Z (A) JBL UNREG,"RM 178,000",Recon,10000 - 14999,N/A,1986cc
"2022 Lexus NX 250, 3 LED Head Lamp, HUD, 360 Cam","RM 259,000",Recon,30000 - 34999,N/A,2487cc
2017 Peugeot 208 1.6 GTi (M) -FACELIFT-2DOOR RARE,"RM 51,800",Used,120000 - 129999,2017,1598cc
2014 Bmw 316i (CKD) 1.6 (A),"RM 34,800",Used,120000 - 129999,2014,1598cc
2016 Proton IRIZ 1.6 PREMIUM (A) SVC RECORD PROTON,"RM 18,800",Used,120000 - 129999,2016,1597cc
2022 Toyota VIOS 1.5 E (A) FACELIFT-UNDER WARRANTY,"RM 63,800",Used,40000 - 44999,2022,1496cc
S70 2025 All in Offer / Ready Stock / Gift,"RM 87,000",New,0 - 4999,N/A,1477cc
2021 Porsche MACAN FACELIFT 2.0L (A),"RM 314,000",Recon,25000 - 29999,N/A,1984cc
2025 Proton X70 Duit Raya 7k + OT 1k OFFER,"RM 116,800",New,0 - 4999,N/A,1477cc
CRAYON 2020 Porsche 911 3.0 CARRERA 4S HUGE SPEC,"RM 818,000",Recon,15000 - 19999,N/A,2981cc
"2023 Toyota ALPHARD 2.5 Z, SunRoof, 9,730Km","RM 315,000",Recon,5000 - 9999,N/A,2493cc
FULL LOAN 2021 Proton X70 PREMIUM 2WD 1.8L (A),"RM 69,999",Used,50000 - 54999,N/A,1799cc
FULL LOAN 2017 Perodua MYVI 1.3 X FACELIFT (A),"RM 32,999",Used,70000 - 74999,N/A,1298cc
2016 FULL LOAN Mercedes Benz E250 AVANTGARDE 2.0,"RM 99,999",Used,110000 - 119999,N/A,1991cc
2023 Perodua ALZA 1.5 AV (A),"RM 69,999",Used,50000 - 54999,N/A,1495cc
2021 Volkswagen TIGUAN ALLSPACE HIGHLINE 1.4L (A),"RM 106,999",Used,40000 - 44999,N/A,1395cc
2023 T.ALPHARD 2.5 MODESLISTA/SUNROOF/GRED 6Aa,"RM 343,000",Recon,5000 - 9999,N/A,2493cc
2022 Toyota VELLFIRE 2.5 ZA GOLDEN EYE (A),"RM 203,000",Recon,10000 - 14999,N/A,2494cc
2021 T.ALPHARD 2.5 S TYPE GOLD/SUNROOFs,"RM 205,000",Recon,15000 - 19999,N/A,2493cc
2018 Audi RS6 4.0 AVANT PERFORMANCE TFSI QUATTRO,"RM 418,000",Used,40000 - 44999,N/A,3993cc
2023 Toyota VELLFIRE 2.4 Z PREMIER (A),"RM 408,000",Recon,10000 - 14999,N/A,2393cc
2023 Volkswagen TIGUAN 1.4 ALLSPACE ELEGANCE MY20,"RM 123,800",Used,10000 - 14999,2023,1395cc
2023 Lamborghini URUS S 4.0 (A) UNREG 2023,"RM 1,990,000",Recon,10000 - 14999,N/A,3996cc
2002 Toyota PRADO 3.0 (A),"RM 25,000",Used,450000 - 499999,N/A,2982cc
NEGO 2020 Porsche CARRERA S 992 DISSIDENT KIT PDCC,"RM 760,000",Recon,25000 - 29999,N/A,2981cc
Y 2022 Mini COOPER S 2.0 3DOOR- 7 SP Ori Mileage,"RM 178,000",Recon,10000 - 14999,N/A,1998cc
NEGO 2020 Porsche CAYMAN T 718 2.0 PASM PDLS PLUS,"RM 420,000",Recon,40000 - 44999,N/A,1988cc
2019 Lexus NX 300 2.0 F SPORT Red Interior 360 Cam,"RM 188,000",Recon,25000 - 29999,N/A,1998cc
2021 Porsche PANAMERA 4 High Spec 4.5A Ori Mileage,"RM 568,000",Recon,15000 - 19999,N/A,2894cc
2017 Honda CIVIC 1.8 i-VTEC (A),"RM 69,800",Used,90000 - 94999,2017,1799cc
NEGO 2020 PORSCHE CAYMAN 718 2.0 Sport Design,"RM 380,000",Recon,50000 - 54999,N/A,1988cc
NEGO 2019 Porsche 718 CAYMAN PDLS+/PASM/S EXHAUST,"RM 400,000",Recon,45000 - 49999,N/A,1988cc
2021 Nissan GT-R 3.8 BLACK EDITION low Mileage,"RM 685,001",Recon,5000 - 9999,N/A,3799cc
2019 Mitsubishi TRITON 2.4 VGT ADVENTURE X (A) 4X4,"RM 84,999",Used,90000 - 94999,N/A,2442cc
2021 Toyota HARRIER 2.0 Z JBL HUD DIM BSM Ori Mile,"RM 176,000",Recon,20000 - 24999,N/A,1986cc
2019 Renault CAPTUR 1.2 TCe (A),"RM 40,000",Used,40000 - 44999,N/A,1197cc
2019 Renault CAPTUR 1.2 TCe (A),"RM 40,000",Used,35000 - 39999,N/A,1197cc
2019 Renault CAPTUR 1.2 TCe (A),"RM 40,000",Used,65000 - 69999,N/A,1197cc
2019 Mazda CX-5 2.0 G 2WD HIGH SPEC FACELIFT (A),"RM 95,800",Used,75000 - 79999,N/A,1998cc
2022 Proton X70 PREMIUM 2WD 1.8L (A),"RM 72,800",Used,30000 - 34999,N/A,1799cc
2016 Proton EXORA 1.6 SUPER PREMIUM FACELIFT (A),"RM 20,800",Used,110000 - 119999,N/A,1561cc
2012 Toyota ALPHARD 2.4 X ‚ù§Ô∏è 5 YEAR WARRANTY,"RM 67,800",Used,95000 - 99999,2012,2362cc
2023 Perodua ALZA 1.5 AV üåô BEST PRICE HARI RAYA,"RM 68,800",Used,25000 - 29999,2023,1496cc
2015 Honda JAZZ 1.5 E (A),"RM 40,800",Used,110000 - 119999,N/A,1497cc
2014 Mazda CX-5 2.0 2WD HIGH SPEC (A) 3 Y Warranty,"RM 37,800",Used,80000 - 84999,N/A,1998cc
2023 Lamborghini URUS 4.0 Full ADAS 6K KM Unreg,"RM 2,080,000",Recon,5000 - 9999,N/A,3996cc
2020 Mini COOPER JCW CLUBMAN 2.0 HUD 306HP JP SPEC,"RM 199,000",Recon,20000 - 24999,N/A,1998cc
2023 Toyota HARRIER 2.0G PRECRASH DIM BSM GRADE 5A,"RM 185,000",Recon,10000 - 14999,N/A,1986cc
2025 CIVIC 1.5 E  highest rebate ready stock,"RM 125,900",New,0 - 4999,N/A,1498cc
2023 Toyota VELLFIRE 2.4 Z PREMIER BROWN INTERIOR,"RM 425,000",Recon,0 - 4999,N/A,2393cc
2021 Mercedes Benz A35 2.0 AMG 4 MATIC FULLY LOADE,"RM 238,000",Recon,30000 - 34999,N/A,1991cc
2021 Mercedes Benz CLA250 AMG 4MATIC FULLY LOADED,"RM 256,000",Recon,25000 - 29999,N/A,1991cc
2020 Mercedes Benz A35 AMG 4MATIC PREMIUM PLUS,"RM 249,000",Recon,20000 - 24999,N/A,1991cc
2010 Toyota VELLFIRE 3.5 VL ‚≠êÔ∏è‚≠êÔ∏èBANYAK PILIHAN‚≠êÔ∏è‚≠ê,"RM 62,800",Used,95000 - 99999,N/A,3456cc
2020 Mini COOPER S 2.0L (A) Hatchback 5 DOOR UNREG,"RM 145,000",Recon,45000 - 49999,N/A,1998cc
2021 Toyota ALPHARD 2.5 SC sunroof,"RM 211,700",Recon,40000 - 44999,N/A,2493cc
2021 Toyota ALPHARD 2.5 2 PB,"RM 175,700",Recon,35000 - 39999,N/A,2493cc
2020 Toyota ALPHARD 2.5 SC Sunroof,"RM 201,700",Recon,35000 - 39999,N/A,2493cc
2022 Toyota ALPHARD S 2.5   SR DIM BSM,"RM 193,700",Recon,25000 - 29999,N/A,2493cc
2020 Toyota ALPHARD 2.5 MODELISTA kit,"RM 169,700",Recon,35000 - 39999,N/A,2493cc
2021 Perodua MYVI 1.5 AV / 51K MILEAGE/FULLSERVICE,"RM 41,800",Used,50000 - 54999,2021,1496cc
2012 Mercedes Benz E250 CGI 1.8 (A) FREE WARRANTY,"RM 58,800",Used,85000 - 89999,2012,1796cc
"2024 Toyota HARRIER 2.0 G, Grade 5A, 6K Mileage","RM 215,000",Recon,5000 - 9999,N/A,1987cc
NEGO 2020 Land Rover DEFENDER P400 X DYNAMIC 110,"RM 520,000",Recon,40000 - 44999,N/A,2996cc
2014 Perodua MYVI 1.3 SE ZHS (A) FULL LOAN,"RM 18,800",Used,90000 - 94999,2014,1298cc
2018 Toyota HILUX 2.8 LE FACELIFT (A) 92K MILEAGE,"RM 87,800",Used,95000 - 99999,2018,2755cc
2015 Ford RANGER 2.2 XLT (HI RIDER) (A) LOAN KEDAI,"RM 29,980",Used,90000 - 94999,N/A,2198cc
NEGO 2020 Porsche CARRERA 911 4S PDCC/RADAR PACK,"RM 820,000",Recon,25000 - 29999,N/A,2981cc
2020 Honda CIVIC 1.8 S (A)CONVERT BODYKIT,"RM 72,800",Used,90000 - 94999,2020,1799cc
"Honda CITY 1.5 E FACELIFT(A) FULL LOAN, 30k KM+ V","RM 42,800",Used,30000 - 34999,N/A,1497cc
2005 Toyota VIOS 1.5 E (A) SMOOTH ENGINE G,"RM 12,800",Used,150000 - 159999,N/A,1497cc
"Mazda 3 2.0 SPORT HATCHBACK (A) HB , FULL LOAN","RM 21,800",Used,85000 - 89999,N/A,1999cc
Bmw 330E 2.0 B48 Full ServRec F/Bodykit 4NewTyres,"RM 68,900",Used,65000 - 69999,2019,1998cc
NEGO 2020 Range Rover VELAR P250 2.0 S R-DYNAMIC,"RM 310,000",Recon,45000 - 49999,N/A,1998cc
"2022 Toyota HARRIER Z LEATHER, Gred 5A, 5k Mileage","RM 200,000",Recon,5000 - 9999,N/A,1986cc
2023 Suzuki JIMNY 1.5 Sierra JC 5K KM GRADE 5A,"RM 149,000",Recon,5000 - 9999,N/A,1462cc
2021 Bmw 840i M SPORT 3.0 (6 UNIT) READY STOCK,"RM 358,000",Recon,10000 - 14999,N/A,2998cc
2021 Mclaren GT 4.0 V8 (No Extra Charges) Unreg,"RM 998,000",Recon,10000 - 14999,N/A,3994cc
NEGO 2021 Nissan GT-R 35 BLACK EDITION RECARO,"RM 718,000",Recon,5000 - 9999,N/A,3799cc
"2024 Toyota HARRIER 2.0 G, Harrier G, 9K Mileage","RM 199,000",Recon,5000 - 9999,N/A,1987cc
2017 Honda HR-V 1.8 E V FULL SERVICE LOW MILEAGE,"RM 46,800",Used,80000 - 84999,2017,1799cc
2020 Perodua MYVI 1.5 ADVANCE BODYKIT ANDROID RIMS,"RM 43,800",Used,60000 - 64999,2020,1496cc
2017 Proton SAGA 1.3 EXECUTIVE CVT OFFER WARRANTY,"RM 14,800",Used,70000 - 74999,2017,1332cc
2021 Toyota ALPHARD 2.5 SC (A)Promo Japan Rim 20,"RM 222,000",Recon,25000 - 29999,N/A,2493cc
2018 Honda CIVIC 1.8 S i-VTEC WARRANTY TYPE-R KIT,"RM 67,800",Used,90000 - 94999,2018,1799cc
2014 Toyota INNOVA 2.0 G 1 OWNER CONDITION TIPTOP,"RM 38,800",Used,90000 - 94999,2014,1998cc
2018 Honda JAZZ 1.5 E V SPORT RIMS REVISE CAMERA,"RM 54,800",Used,80000 - 84999,2018,1497cc
2020 MercBenz E200 AMG FACELIFTS FULLY LOADED UNRG,"RM 232,000",Recon,40000 - 44999,N/A,1496cc
2024 Toyota VELLFIRE 2.4 Z PREMIER (A) LIKE NEW 6A,"RM 426,800",Recon,0 - 4999,N/A,2393cc
2020 Toyota ALPHARD 3.5 V6 SC MODELLISTA FULL SPEC,"RM 249,000",Recon,35000 - 39999,N/A,3456cc
2020 Ferrari F8 Tributo 3.9 Turbo All Carbon 710Hp,"RM 1,580,000",Recon,0 - 4999,N/A,3902cc
PROTON S70 all variant / PM for Latest {Rebate},"RM 69,800",New,0 - 4999,N/A,1477cc
2020 Toyota HARRIER 2.0G JBL SOUNDS DIM BSM UNREG,"RM 155,000",Recon,25000 - 29999,N/A,1986cc
2025 Perodua MYVI 1.5 X MY17 FACELIFT (A),"RM 50,900",New,0 - 4999,N/A,1496cc
2025 Perodua MYVI 1.5 AV MY17 FACELIFT (A),"RM 59,900",New,0 - 4999,N/A,1496cc
2025 Perodua ATIVA AV MY21 D55L (A),"RM 72,400",New,0 - 4999,N/A,998cc
2019 Mazda CX-5 2.0 G 2WD HIGHSPEC FACELIFT/1OWNER,"RM 84,800",Used,90000 - 94999,2019,1998cc
2022 Lamborghini 4.0 Urus Pearl Capsule Mileage 9k,"RM 1,630,000",Recon,5000 - 9999,N/A,3996cc
2010 Honda CIVIC 2.0 S i-VTEC FACELIFT (A),"RM 43,300",Used,160000 - 169999,2010,1998cc
2014 Perodua ALZA 1.5 SE ZS FACELIFT (A)77K KM,"RM 28,300",Used,70000 - 74999,2014,1495cc
2024 Perodua ATIVA 1.0 H MY21 D55L (A),"RM 66,300",New,0 - 4999,N/A,998cc
2020 Porsche 911 3.0 Carrera S Sport Exhaust 450Hp,"RM 688,000",Recon,5000 - 9999,N/A,2981cc
2007 Toyota CAMRY 2.0 G (A) Cash Only,"RM 17,200",Used,100000 - 109999,2007,1998cc
2012 Perodua MYVI 1.3 EZi (A),"RM 19,800",Used,140000 - 149999,2012,1298cc
2017 Toyota CAMRY 2.0 GX FACELIFT (A),"RM 93,800",Used,85000 - 89999,2017,1998cc
2020 Toyota ALPHARD 2.5 S TYPE GOLD (A),"RM 200,000",Recon,30000 - 34999,N/A,2493cc
2019 Toyota CAMRY 2.5 V (A),"RM 151,800",Used,110000 - 119999,2019,2494cc
2015 Toyota CAMRY 2.0 G (A),"RM 55,800",New,100000 - 109999,N/A,1998cc
2018 Mercedes Benz E200 AVANTGARDE F/SVC Mercedes,"RM 113,800",Used,90000 - 94999,N/A,1991cc
2022 Bmw X3 2.0 xDrive30e M-Sport F/SVC & Wnty BMW,"RM 235,800",Used,40000 - 44999,2022,1998cc
2014 Toyota VELLFIRE 2.4 Z GOLDEN EYES FACELIFT,"RM 89,800",Used,110000 - 119999,2014,2362cc
2016 Mini COOPER 1.5 (A) Service Record MINI 1 Own,"RM 59,800",Used,95000 - 99999,N/A,1499cc
2019 Honda CIVIC 1.5TCP F/Exhuast F/SerVRec 1Owner,"RM 83,900",Used,90000 - 94999,2019,1498cc
2021 Mercedes-Benz G63 4.0 AMG Black Mileage 8k,"RM 918,000",Recon,5000 - 9999,N/A,3982cc
2015 Mazda 3 1.6 SPORT (A) WARRANTY 3YRS T&C,"RM 22,800",Used,120000 - 129999,2015,1598cc
2019 MercBenz A250 2.0 4MATIC TURBO JAPAN UNREG,"RM 139,000",Recon,45000 - 49999,N/A,1991cc
2020 Toyota SUPRA 3.0 RZ (A) STAGE 2 FULL SPEC .,"RM 296,000",Recon,25000 - 29999,N/A,2998cc
2016 Toyota LANDCRUISER 4.6 ZX (A) FULL SPEC,"RM 228,000",Used,65000 - 69999,2016,4608cc
2011 Honda CIVIC 1.8 i-VTEC(A) 70k km !! one owner,"RM 34,800",Used,75000 - 79999,2011,1799cc
1998 Honda CIVIC 1.6 (A) SUPER CHEAPEST PRICE!100%,"RM 12,800",Used,170000 - 179999,1998,1598cc
2017 Honda HR-V 1.8 V F/S RECORD 100% FULL LOAN,"RM 48,800",Used,110000 - 119999,2017,1799cc
2012 Honda CR-V 2.0 i-VTEC FACELIFT (A) CASH,"RM 25,800",Used,140000 - 149999,2012,1997cc
2018 Honda CR-V 2.0 2WD (A) BEST DEAL,"RM 76,800",Used,100000 - 109999,N/A,1997cc
2016 Toyota VELLFIRE 2.5 Z A EDITION GOLDEN EYE,"RM 153,800",Used,60000 - 64999,N/A,2493cc
2023 Mercedes Benz E200 2.0 AVANTGARDE MY19 W213,"RM 215,800",Used,65000 - 69999,N/A,1991cc
2017 Mercedes Benz E200 2.0 AMG (A)14 K KM MIL,"RM 134,800",Used,10000 - 14999,N/A,1991cc
Bmw 318i 1.5 LUXURY F30 LCI F/LIFT M SPORT FSR80k,"RM 72,800",Used,80000 - 84999,2019,1499cc
2017 Mercedes Benz G350D 3.0 4MATIC (A),"RM 390,000",Used,85000 - 89999,N/A,2987cc
2011 Honda CITY 1.5 S GM2 I-VTEC MODULO Facelift,"RM 16,800",Used,95000 - 99999,2011,1497cc
P CAYENNE 3.0 D 958 HAMANN PBoot Burmester ImpBARU,"RM 79,800",Used,80000 - 84999,2012,2967cc
2020 Honda ACCORD 1.5 TC-P (A)HIGH SPEC PREMIUM,"RM 97,800",Used,65000 - 69999,2020,1498cc
2018 Perodua MYVI 1.5 ADVANCE (A)ORI LOW MILEAGE,"RM 39,800",Used,50000 - 54999,2018,1496cc
2013 Honda CIVIC 1.5 (HYBRID) (A)CAR GOODCONDITION,"RM 21,800",Used,95000 - 99999,2013,1497cc
2016 Bmw 320i SPORT LINE (CKD) 2.0 FACELIFT (A),"RM 68,800",Used,95000 - 99999,2016,1998cc
2021 Toyota HARRIER 2.0 Z LEATHER PKG,"RM 179,000",Recon,25000 - 29999,N/A,1986cc
2010 Honda ACCORD 2.0 VTi (A) LEATHER SEATS,"RM 19,800",Used,180000 - 189999,2010,1997cc
2021 Toyota ALPHARD 2.5 SC (A) UNREG,"RM 221,000",Recon,35000 - 39999,N/A,2493cc
2023 Toyota ALPHARD 2.5 Z (A) UNREG,"RM 328,000",Recon,5000 - 9999,N/A,2493cc
2014 Toyota HILUX 3.0 G VNT (A) 1 OWNER,"RM 48,800",Used,170000 - 179999,2014,2982cc
2019 Perodua MYVI 1.3 X PREMIUM (A) 1 OWNER,"RM 34,800",Used,80000 - 84999,2019,1329cc
2021 Toyota ALPHARD 2.5 SC (A) UNREG,"RM 219,000",Recon,25000 - 29999,N/A,2493cc
Mits OUTLANDER 2.4 AWD RE FACELIFT FULLSPEC Reg.19,"RM 69,800",Used,80000 - 84999,2018,2378cc
Bmw 523i 2.5 F10 LWB FL G30 LCI F90 M5 Competition,"RM 58,800",Used,100000 - 109999,2011,2497cc
2016 Perodua AXIA 1.0 G (A) -1 OWNER/BODYKIT,"RM 20,800",Used,120000 - 129999,2016,998cc
2019 Honda CIVIC 1.8 S (A) -FULL LOAN.FULL SERVICE,"RM 75,800",Used,75000 - 79999,2019,1799cc
2017 Volkswagen GOLF 2.0 GTi (A) 7.5 -DIRECT OWNER,"RM 159,900",Used,85000 - 89999,2017,1984cc
2015 Honda JAZZ 1.5 V (A)1OWNER/FULL SERVICE HONDA,"RM 44,800",Used,130000 - 139999,2015,1497cc
UNREG 2020 Mercedes Benz A250 AMG LINE 2.0(A)BEST,"RM 175,500",Recon,20000 - 24999,N/A,1991cc
2018 Volkswagen JETTA 1.4 TSI HIGHLINE Pstar Pseat,"RM 40,800",Used,35000 - 39999,N/A,1395cc
RECOND Mercedes Benz A35 2.0 AMG (A) üî•HIGH LOANüî•,"RM 233,000",Recon,25000 - 29999,N/A,1991cc
2023 Toyota ALPHARD 2.5 SC FULL JBL 5A 360CAM,"RM 266,688",Recon,10000 - 14999,N/A,2493cc
2015 Mercedes Benz A200 (CBU) 1.6 (A) PADDLE SHIFT,"RM 70,800",Used,130000 - 139999,2015,1595cc
2020 Toyota HARRIER 2.0 Z LEATHER FULL SPEC,"RM 176,688",Recon,10000 - 14999,N/A,1986cc
2019 Weststar MAXUS G10 2.0 EXECUTIVE (A) SUNROOF,"RM 97,800",Used,50000 - 54999,2019,1995cc
-2018- LOAN KEDAI Proton PERSONA 1.6 PREMIUM (A),"RM 22,980",Used,80000 - 84999,N/A,1597cc
2020 Toyota SUPRA 3.0 RZ with Red & Black Interior,"RM 282,001",Recon,35000 - 39999,N/A,2998cc
-2015- LOAN KEDAI Toyota CAMRY 2.5 V (A) FULL LOAN,"RM 46,980",Used,90000 - 94999,N/A,2494cc
"2022 Toyota SUPRA SZ 2.0 19,xxx km Red & BlackSeat","RM 284,001",Recon,15000 - 19999,N/A,1998cc
"2020 Toyota SUPRA 3.0 RZ 12,xxx km Grade 4.5 B","RM 286,001",Recon,10000 - 14999,N/A,2998cc
2013 LOAN KEDAI Honda ACCORD 2.4 VTi-L F/LIFT (A),"RM 29,980",Used,100000 - 109999,N/A,2354cc
2017 Proton IRIZ 1.3 EXECUTIVE (A),"RM 19,800",Used,85000 - 89999,2017,1332cc
2022 Land Rover DEFENDER 2.0 90 P300 LOW MILEAGE,"RM 299,000",Recon,10000 - 14999,N/A,1995cc
2021 Toyota ALPHARD 2.5 SC (A) Sunroof Mileage 12k,"RM 225,000",Recon,10000 - 14999,N/A,2493cc
2023 Toyota Alphard 2.5 Z Modellista Kit Side Step,"RM 328,000",Recon,10000 - 14999,N/A,2493cc
2021 Mercedes Benz CLA250 2.0 4 MATIC FACELIFT (A),"RM 229,000",Recon,25000 - 29999,N/A,1991cc
2008 Honda ACCORD 2.0 I-VTEC (A),"RM 18,800",Used,120000 - 129999,2008,1997cc
2021 Toyota ALPHARD 2.5 SC SUNROOF DIM BSM UNREG,"RM 217,000",Recon,30000 - 34999,N/A,2493cc
2020 Toyota HARRIER 2.0 Z LEATHER Surround Camera,"RM 172,000",Recon,20000 - 24999,N/A,1986cc
2021 Toyota ALPHARD 2.5 SC DIM BSM MODELLISTA UNRE,"RM 217,000",Recon,55000 - 59999,N/A,2493cc
2024 Toyota CROWN SPORT MODELISTA 2.5 Sunroof,"RM 318,000",Recon,10000 - 14999,N/A,2487cc
2023 Mercedes Benz GLC300 2.04MATIC X254 F.S.R 10K,"RM 328,800",Used,10000 - 14999,2023,1999cc
2014 Perodua AXIA 1.0 G (A)100% ACC FREE/1 OWNER,"RM 17,800",Used,150000 - 159999,2014,998cc
2014 Proton EXORA 1.6 BOLD (A)TURBO/7SEATER,"RM 17,500",Used,140000 - 149999,2014,1597cc
2015 Toyota VELLFIRE 2.5 ZG MODELLISTA BODYKIT JBL,"RM 137,900",Used,60000 - 64999,2015,2493cc
2021 Mazda 3 LIFTBACK HIGH PLUS 2.0 F.S.R 50K,"RM 117,800",Used,50000 - 54999,2021,1998cc
2019 Bmw X3 2.0 xDRIVE30i LUXURY F.S.R 90K KM G01,"RM 119,800",Used,90000 - 94999,2019,1998cc
2023 Suzuki SWIFT 1.4 SPORT 13K KM 4.5/A MUFFLER,"RM 129,000",Recon,10000 - 14999,N/A,1373cc
"2023 Toyota ALPHARD 2.5 Z S,ROOF DIM BSM SIDE STEP","RM 323,000",Recon,10000 - 14999,N/A,2493cc
"2023 Honda CIVIC 2.0 TYPE R (FL5) 6,xxx km Grade 5","RM 285,001",Recon,5000 - 9999,N/A,1995cc
"2022 Toyota ALPHARD 2.5 SC (4A BSM,DIM)","RM 228,000",Recon,20000 - 24999,N/A,2493cc
2021 Toyota ALPHARD 2.5 SC (44k Milleage 4B Grade),"RM 209,000",Recon,40000 - 44999,N/A,2493cc
2022 Toyota ALPHARD 2.5 SC (Purple Colour) 4.5A,"RM 232,000",Recon,10000 - 14999,N/A,2493cc
2018 Perodua MYVI 1.5 ADVANCE (A),"RM 39,800",Used,150000 - 159999,2018,1496cc
2023 Toyota COROLLA CROSS 1.8 HYBRID MY21 XG10 (A),"RM 123,800",Used,0 - 4999,2023,1798cc
2019 Perodua AXIA 1.0 SE (A),"RM 28,800",Used,80000 - 84999,N/A,998cc
2018 Perodua BEZZA 1.3 PREMIUM X (A),"RM 31,800",Used,85000 - 89999,N/A,1329cc
2018 Perodua AXIA 1.0 SE FACELIFT (A),"RM 26,800",Used,100000 - 109999,N/A,998cc
2013 Mercedes Benz A250 2.0 AMG (A)  Ori Mileage,"RM 58,800",Used,120000 - 129999,2013,1991cc
2008 Perodua MYVI 1.3 SE ZHS FACELIFT (A),"RM 11,200",Used,130000 - 139999,N/A,1298cc
2014 Honda CITY 1.5 V (A) 1YRWARRANTY NICENUMBER,"RM 29,800",Used,100000 - 109999,2014,1497cc
Honda CITY 1.5 S+ (A) ANDROID PLAYER MONTHLY 655,"RM 35,800",Used,90000 - 94999,2016,1497cc
2024 Toyota ALPHARD 2.5 Z SR HUD DIM BSM PCS Unreg,"RM 340,000",Recon,0 - 4999,N/A,2493cc
2022 Mercedes Benz G63 4.0 AMG 5A 4K KM UNREG,"RM 1,168,000",Recon,0 - 4999,N/A,3982cc
Toyota HARRIER 2.0 G TOMS BODYKIT BSM 20K KM 2022,"RM 173,000",Recon,15000 - 19999,N/A,1986cc
Mazda 3 2.0 SEDAN HIGH SKYACTIV (A) FULL LOAN,"RM 40,800",Used,85000 - 89999,N/A,1998cc
Toyota COROLLA ALTIS 1.8 G FACELIFT (A) FULL LOAN,"RM 27,800",Used,100000 - 109999,2012,1798cc
"Mazda 3 1.6 SEDAN (A) LEATHER SEAT , FULL LOAN","RM 19,800",Used,95000 - 99999,N/A,1598cc
Proton SAGA PREMIUM 1.3 (A) GENUINE 11K MILEAGES,"RM 25,800",Used,10000 - 14999,N/A,1332cc
2021 Porsche 992 Carrera S Unreg - Japan. PDCC,"RM 808,000",Recon,5000 - 9999,N/A,2981cc
2020 Toyota HARRIER 2.0G JBL SOUNDS PRECRASH BSM,"RM 158,000",Recon,15000 - 19999,N/A,1986cc
2020 Toyota ALPHARD 2.5 X Sunroof 4.5/B 35K KM,"RM 177,000",Recon,35000 - 39999,N/A,2493cc
2021 Merc Benz GLA35 AMG 4MATIC BURMESTER SOUNDS,"RM 223,000",Recon,15000 - 19999,N/A,1991cc
2010 MitsubishiTRITON 2.5 FACELIFT(A)FREE WARRANTY,"RM 38,800",Used,100000 - 109999,N/A,2477cc
2023 Porsche Carrera GTS Unreg - Lifting. Carbon,"RM 1,280,000",New,10000 - 14999,N/A,2981cc
2024 Honda CIVIC 2.0 TYPE R FL5 NEW CAR BLUE UNREG,"RM 299,000",Recon,0 - 4999,N/A,1996cc
2023 Honda CIVIC 2.0 TYPE R 5A 3K KM WITH REPORT,"RM 282,000",Recon,0 - 4999,N/A,1996cc
2023 Honda CIVIC 2.0 TYPE R (FL5) NEW CAR 6A GRADE,"RM 279,000",Recon,0 - 4999,N/A,1995cc
2022 Toyota ALPHARD 2.5 X DIM BSM GRADE 4.5 18K KM,"RM 198,000",Recon,15000 - 19999,N/A,2493cc
2024 Toyota ALPHARD 2.5 Z New Car SR DIM BSM Unreg,"RM 338,000",Recon,0 - 4999,N/A,2493cc
2021 Honda CITY 1.5 V 29K KM Warranty Till 2026,"RM 71,800",Used,25000 - 29999,N/A,1498cc
2021 [JBL-4CAM-DIM-BSM]Toyota VELLFIRE 2.5 G/EYES,"RM 208,000",Recon,15000 - 19999,N/A,2494cc
2011 Honda CIVIC 2.0 i-VTEC (A) FREE WARRANTY,"RM 42,800",Used,95000 - 99999,2011,1998cc
2019 Toyota VELLFIRE 2.5 ZG (A)UNREG-7 YR WARRANTY,"RM 194,000",Recon,55000 - 59999,N/A,2493cc
2025 Perodua AXIA AV MY23 D74A (A),"RM 49,500",New,0 - 4999,N/A,998cc
2020 Proton X70 TGDI PREMIUM 2WD 1.8L (A) FULLSPEC,"RM 57,800",Used,80000 - 84999,2020,1799cc
2025 Perodua BEZZA 1.3 X MY16 FACELIFT (A),"RM 43,980",New,0 - 4999,N/A,1329cc
2025 Perodua BEZZA G MY16 FACELIFT (A),"RM 36,580",New,0 - 4999,N/A,998cc
2018 Ford RANGER 2.0 XLT 4wd (A) 74k low mileage,"RM 65,800",Used,70000 - 74999,2018,1998cc
2021 Toyota ALPHARD 2.5 SC (A),"RM 235,000",Recon,30000 - 34999,N/A,2493cc
2014 Perodua MYVI 1.3 SE ZHS (A),"RM 21,000",Used,85000 - 89999,2014,1298cc
2015 Mazda 3 1.6 SPORT (SEDAN) (A),"RM 34,000",Used,120000 - 129999,2015,1598cc
2020 Toyota ALPHARD 2.5 SC (A),"RM 245,000",Recon,25000 - 29999,N/A,2493cc
2020 Perodua MYVI 1.5 H (A),"RM 43,800",Used,30000 - 34999,2020,1496cc
2016 Perodua MYVI 1.5 SE FACELIFT (A),"RM 38,800",Used,70000 - 74999,2016,1495cc
2025 Perodua AXIA X MY23 D74A (A),"RM 40,000",New,0 - 4999,N/A,998cc
2020 Toyota VIOS 1.5 G (A)FULL SPEC/LOW MILEAGE,"RM 58,800",Used,70000 - 74999,2020,1496cc
2018 Perodua MYVI 1.5 H (A)CONVERT EXHAUST/BODTKIT,"RM 37,800",Used,90000 - 94999,2018,1496cc
2021 Lexus RX300 F SPORT 2.0L (A) FREE 6 WARRANTY.,"RM 275,000",Recon,35000 - 39999,N/A,1998cc
2018 Honda CIVIC 1.5 TC-PREMIUM F/SR WARANTY HOT,"RM 87,800",Used,90000 - 94999,2018,1498cc
Toyota VELLFIRE 3.5 EXECUTIVE LOUNGE (A) MAX LOAN!,"RM 132,800",Used,90000 - 94999,N/A,3456cc
2006 Honda CITY 1.5 i-DSI(A) CAR KING CASH BUYER!!,"RM 10,600",Used,130000 - 139999,N/A,1496cc
2020 Perodua AXIA 1.0 STYLE(A) LIMITED UNIT! HOT!!,"RM 29,800",Used,50000 - 54999,N/A,998cc
2025 Honda HR-V 1.5 All Model,"RM 110,000",New,0 - 4999,N/A,1498cc
2009 Toyota WISH 1.8 S (A),"RM 45,800",Used,85000 - 89999,N/A,1797cc
2021 Toyota C-HR 1.2 GT TURBO MODELLISTA,"RM 147,000",Recon,10000 - 14999,N/A,1197cc
2020 4059 Mercedes Benz A180 1.3 AMG (CBU) (A),"RM 165,000",Recon,15000 - 19999,N/A,1332cc
Toyota HARRIER 2.0 Z JBL 4CAM FULL SPEC 5A 5A 2023,"RM 213,000",Recon,5000 - 9999,N/A,1986cc
2025 Honda CITY 1.5 Sedan Dan Hatchback,"RM 80,000",New,0 - 4999,N/A,1498cc
2025 Perodua MYVI 1.5 H FACELIFT (A) FAST STOCK,"RM 55,110",New,0 - 4999,N/A,1496cc
2025 Perodua AXIA AV (A) FAST STOCK,"RM 49,655",New,0 - 4999,N/A,998cc
2019 Proton IRIZ 1.3 STANDARD (A) SERVICE RECORD,"RM 25,800",Used,75000 - 79999,2019,1332cc
2016 Proton PERSONA 1.6 STANDARD (A) REVERSE CAM,"RM 20,800",Used,65000 - 69999,2016,1597cc
2017 Volkswagen VENTO 1.6 (A) FREE WARRANTY,"RM 22,800",Used,50000 - 54999,2017,1598cc
2012 Volkswagen PASSAT 1.8 SPORT (A) FREE WAARANTY,"RM 22,800",Used,100000 - 109999,2012,1798cc
2022 Honda CIVIC 2.0 ‚ú® TYPE R (FL5) Grade 5 A ‚ú®,"RM 272,001",Recon,0 - 4999,N/A,1995cc
Toyota VELLFIRE 2.4 Z PREMIER FULL BROWN 5A 2024,"RM 395,000",Recon,0 - 4999,N/A,2393cc
2017 Honda CITY 1.5 V FACELIFT (A) LED HEADLAMP,"RM 42,800",Used,130000 - 139999,2017,1497cc
2019 Mazda CX-5 2.2 D (A) NICE PLATE NUMBER 4444,"RM 75,800",Used,100000 - 109999,2019,2191cc
2018 Proton X70 1.8 PREMIUM 2WD (A) LEATHER SEATS,"RM 46,800",Used,90000 - 94999,2018,1800cc
2010 Toyota HARRIER 2.4 (A) 1 OWNER,"RM 31,800",Used,110000 - 119999,2010,2362cc
Porsche CAYMAN 718 2.0L (A) HIGH LOANüî•BEST DEAL,"RM 380,000",Recon,15000 - 19999,N/A,1988cc
2015 Toyota WISH 1.8 X (A) *NO PROSES FEE/Reg2020,"RM 68,660",Used,100000 - 109999,2015,1797cc
2018 Ford RANGER 2.0 WILDTRAK (A) 4 WHEEL SYSTEM,"RM 69,800",Used,85000 - 89999,2018,1998cc
2020 Toyota ALPHARD 2.5 SC (A) *Full Loan,"RM 219,660",Recon,35000 - 39999,N/A,2493cc
2016 Ford RANGER 2.2 XLT FACELIFT (A) 4X4,"RM 48,800",Used,100000 - 109999,2016,2198cc
2020 Proton X50 1.5 TGDi FLAGSHIP (A) F/S RECORD,"RM 66,800",Used,70000 - 74999,2020,1477cc
2020 Honda HR-V 1.8 V (A) PADDLE SHIFT SUV,"RM 75,800",Used,50000 - 54999,2020,1799cc
2022 Lexus NX350 F Sport (Grade 5) Panoramic Roof,"RM 298,000",Recon,15000 - 19999,N/A,2393cc
2021 Porsche Macan All New Facelift Haptic Touch,"RM 318,000",Recon,45000 - 49999,N/A,1984cc
2022 Lexus RX300 F Sport Full Spec P/Roof 360 Cam,"RM 273,000",Recon,35000 - 39999,N/A,1998cc
2018 FULL LOAN Honda CIVIC 1.5 TC-PREMIUM (A),"RM 86,999",Used,100000 - 109999,2018,1498cc
2013 Toyota ALPHARD 2.4 MPV FACELIFT (A),"RM 59,980",Recon,100000 - 109999,N/A,2362cc
-2016- Honda HR-V 1.8 V (A) FULL LOAN/ LOAN KEDAI,"RM 42,980",Used,80000 - 84999,N/A,1799cc
-2023- Proton SAGA 1.3 VVT FACELIFT (A) LOAN KEDAI,"RM 24,980",Used,40000 - 44999,N/A,1332cc
-2014- LOAN KEDAI Proton PERSONA 1.6 EXECUTIVE (A),"RM 9,980",Used,100000 - 109999,N/A,1597cc
2020 Lexus RX300 PREMIUM 2.0L (A),"RM 226,000",Recon,85000 - 89999,N/A,1998cc
2020 Toyota HARRIER 2.0 Z LEATHER,"RM 177,001",Recon,30000 - 34999,N/A,1986cc
BOSE CHRONO & EXH 2020 Porsche 911 3.0 CARRERA 4S,"RM 768,000",Recon,15000 - 19999,N/A,2981cc
2022 0190 Honda CIVIC 1.5 EX FL1 (A),"RM 165,000",Recon,15000 - 19999,N/A,1496cc
2019 9814 Mercedes Benz C200 1.5 AMG LINE (A),"RM 165,000",Recon,35000 - 39999,N/A,1497cc
2015 Toyota ALPHARD 2.5 (A),"RM 139,800",Used,90000 - 94999,2015,2493cc
2024 Toyota Alphard Z Modelista Head Up Display 5A,"RM 363,000",Recon,0 - 4999,N/A,2493cc
(PROMO) 2019 Toyota SUPRA 2.0 SZ-R (A),"RM 243,000",Recon,25000 - 29999,N/A,1998cc
Toyota ALPHARD 2.5 Z high spec 2023 Unreg,"RM 319,000",Recon,10000 - 14999,N/A,2493cc
2023 Toyota ALPHARD 2.5 Z (A),"RM 307,000",Recon,5000 - 9999,N/A,2493cc
2017 Toyota VELLFIRE 2.5 ZG(A)PILOT SEAT POWERBOOT,"RM 168,800",Used,85000 - 89999,2017,2493cc
Toyota HARRIER 2.0 (A) G Z FulLOANüî•8 Yrs Warranty,"RM 150,000",Recon,35000 - 39999,N/A,1986cc
2020 Toyota ALPHARD 2.5 G (A) MEMORY SEAT + P/BOOT,"RM 163,000",Recon,75000 - 79999,N/A,2493cc
2018 Honda CITY 1.5 V FACELIFT (A) LEATHER SEAT,"RM 44,800",Used,70000 - 74999,2018,1497cc
2022 Honda CIVIC 2.0 TYPE R (FL5) 6A Like New Car,"RM 279,000",Recon,0 - 4999,N/A,1995cc
2015 Ford FIESTA 1.0 ECOBOOST (A)TURBO 6 SPEED ABS,"RM 12,800",Used,120000 - 129999,2015,998cc
2022 Toyota VOXY 2.0 S-Z Grade with Advanced Park,"RM 186,001",Recon,30000 - 34999,N/A,1986cc
2012 Naza FORTE 1.6 SX (A) SKIRTING P/SHIFT 6SPEED,"RM 11,800",Used,160000 - 169999,2012,1591cc
2024 Honda CIVIC 2.0 TYPE R FL5 ‚ú®Rare Nano Grey‚ú®,"RM 310,001",Recon,0 - 4999,N/A,1996cc
RECOND Toyota ALPHARD 2.5 SC MODELISTA KIT SUNROOF,"RM 185,000",Recon,50000 - 54999,N/A,2493cc
"2021 Honda CIVIC TYPE R 2.0 ‚ú®11,xxx Low Mileage‚ú®","RM 246,001",Recon,10000 - 14999,N/A,1996cc
2020 Toyota ALPHARD 2.5 X 2 Power Door 8 Seaters,"RM 157,001",Recon,75000 - 79999,N/A,2493cc
RECOND Toyota VELLFIRE 2.5 (A) FullLOANüî•BIG OFFER,"RM 168,000",Recon,35000 - 39999,N/A,2493cc
"2021 Porsche MACAN 2.0L ‚ú®15,xxx km‚ú® 360 CAM","RM 300,001",Recon,10000 - 14999,N/A,1984cc
2020 Toyota ALPHARD 2.5 X Welcab Special 7 Seaters,"RM 169,001",Recon,60000 - 64999,N/A,2493cc
2024 Honda CIVIC 2.0 TYPE R FL5 6km New Car Condi,"RM 305,001",Recon,0 - 4999,N/A,1996cc
2020 Honda CIVIC FK7 AUTO üî•Rare with Sunroofüî•,"RM 141,001",Recon,35000 - 39999,N/A,1496cc
2024 Honda CIVIC 2.0 TYPE R FL5 200KM~! NEW CAR!!,"RM 300,001",Recon,0 - 4999,N/A,1996cc
"2021 Honda CIVIC TYPE R 2.0 FK8 Ori 37,xxx km ONLY","RM 245,001",Recon,35000 - 39999,N/A,1996cc
2020 Toyota ALPHARD 2.5 X Rare Rose Gold Exterior,"RM 149,001",Recon,60000 - 64999,N/A,2493cc
